[0.000000] (-) TimerEvent: {}
[0.001063] (usb_cam) JobQueued: {'identifier': 'usb_cam', 'dependencies': OrderedDict()}
[0.001163] (yolo_msgs) JobQueued: {'identifier': 'yolo_msgs', 'dependencies': OrderedDict()}
[0.001207] (yolo_ros) JobQueued: {'identifier': 'yolo_ros', 'dependencies': OrderedDict([('yolo_msgs', '/ros2_ws/install/yolo_msgs')])}
[0.001281] (yolo_bringup) JobQueued: {'identifier': 'yolo_bringup', 'dependencies': OrderedDict([('yolo_msgs', '/ros2_ws/install/yolo_msgs'), ('yolo_ros', '/ros2_ws/install/yolo_ros')])}
[0.001348] (yolo_msgs) JobStarted: {'identifier': 'yolo_msgs'}
[0.029749] (usb_cam) JobStarted: {'identifier': 'usb_cam'}
[0.044414] (yolo_msgs) JobProgress: {'identifier': 'yolo_msgs', 'progress': 'cmake'}
[0.049697] (yolo_msgs) Command: {'cmd': ['/usr/bin/cmake', '/ros2_ws/src/yolo_ros/yolo_msgs', '-DCMAKE_INSTALL_PREFIX=/ros2_ws/install/yolo_msgs'], 'cwd': '/ros2_ws/build/yolo_msgs', 'env': OrderedDict([('HOSTNAME', 'docker-desktop'), ('SHLVL', '1'), ('LD_LIBRARY_PATH', '/opt/ros/humble/opt/rviz_ogre_vendor/lib:/opt/ros/humble/lib/x86_64-linux-gnu:/opt/ros/humble/lib'), ('HOME', '/root'), ('ROS_PYTHON_VERSION', '3'), ('ROS_DISTRO', 'humble'), ('_', '/usr/bin/colcon'), ('ROS_VERSION', '2'), ('TERM', 'xterm'), ('ROS_LOCALHOST_ONLY', '0'), ('PATH', '/opt/ros/humble/bin:/usr/local/sbin:/usr/local/bin:/usr/sbin:/usr/bin:/sbin:/bin'), ('LANG', 'C.UTF-8'), ('LS_COLORS', 'rs=0:di=01;34:ln=01;36:mh=00:pi=40;33:so=01;35:do=01;35:bd=40;33;01:cd=40;33;01:or=40;31;01:mi=00:su=37;41:sg=30;43:ca=30;41:tw=30;42:ow=34;42:st=37;44:ex=01;32:*.tar=01;31:*.tgz=01;31:*.arc=01;31:*.arj=01;31:*.taz=01;31:*.lha=01;31:*.lz4=01;31:*.lzh=01;31:*.lzma=01;31:*.tlz=01;31:*.txz=01;31:*.tzo=01;31:*.t7z=01;31:*.zip=01;31:*.z=01;31:*.dz=01;31:*.gz=01;31:*.lrz=01;31:*.lz=01;31:*.lzo=01;31:*.xz=01;31:*.zst=01;31:*.tzst=01;31:*.bz2=01;31:*.bz=01;31:*.tbz=01;31:*.tbz2=01;31:*.tz=01;31:*.deb=01;31:*.rpm=01;31:*.jar=01;31:*.war=01;31:*.ear=01;31:*.sar=01;31:*.rar=01;31:*.alz=01;31:*.ace=01;31:*.zoo=01;31:*.cpio=01;31:*.7z=01;31:*.rz=01;31:*.cab=01;31:*.wim=01;31:*.swm=01;31:*.dwm=01;31:*.esd=01;31:*.jpg=01;35:*.jpeg=01;35:*.mjpg=01;35:*.mjpeg=01;35:*.gif=01;35:*.bmp=01;35:*.pbm=01;35:*.pgm=01;35:*.ppm=01;35:*.tga=01;35:*.xbm=01;35:*.xpm=01;35:*.tif=01;35:*.tiff=01;35:*.png=01;35:*.svg=01;35:*.svgz=01;35:*.mng=01;35:*.pcx=01;35:*.mov=01;35:*.mpg=01;35:*.mpeg=01;35:*.m2v=01;35:*.mkv=01;35:*.webm=01;35:*.webp=01;35:*.ogm=01;35:*.mp4=01;35:*.m4v=01;35:*.mp4v=01;35:*.vob=01;35:*.qt=01;35:*.nuv=01;35:*.wmv=01;35:*.asf=01;35:*.rm=01;35:*.rmvb=01;35:*.flc=01;35:*.avi=01;35:*.fli=01;35:*.flv=01;35:*.gl=01;35:*.dl=01;35:*.xcf=01;35:*.xwd=01;35:*.yuv=01;35:*.cgm=01;35:*.emf=01;35:*.ogv=01;35:*.ogx=01;35:*.aac=00;36:*.au=00;36:*.flac=00;36:*.m4a=00;36:*.mid=00;36:*.midi=00;36:*.mka=00;36:*.mp3=00;36:*.mpc=00;36:*.ogg=00;36:*.ra=00;36:*.wav=00;36:*.oga=00;36:*.opus=00;36:*.spx=00;36:*.xspf=00;36:'), ('AMENT_PREFIX_PATH', '/opt/ros/humble'), ('PWD', '/ros2_ws/build/yolo_msgs'), ('LC_ALL', 'C.UTF-8'), ('PYTHONPATH', '/opt/ros/humble/lib/python3.10/site-packages:/opt/ros/humble/local/lib/python3.10/dist-packages'), ('COLCON', '1'), ('CMAKE_PREFIX_PATH', '/opt/ros/humble')]), 'shell': False}
[0.058656] (usb_cam) JobProgress: {'identifier': 'usb_cam', 'progress': 'cmake'}
[0.063174] (usb_cam) Command: {'cmd': ['/usr/bin/cmake', '/ros2_ws/src/usb_cam', '-DCMAKE_INSTALL_PREFIX=/ros2_ws/install/usb_cam'], 'cwd': '/ros2_ws/build/usb_cam', 'env': OrderedDict([('HOSTNAME', 'docker-desktop'), ('SHLVL', '1'), ('LD_LIBRARY_PATH', '/opt/ros/humble/opt/rviz_ogre_vendor/lib:/opt/ros/humble/lib/x86_64-linux-gnu:/opt/ros/humble/lib'), ('HOME', '/root'), ('ROS_PYTHON_VERSION', '3'), ('ROS_DISTRO', 'humble'), ('_', '/usr/bin/colcon'), ('ROS_VERSION', '2'), ('TERM', 'xterm'), ('ROS_LOCALHOST_ONLY', '0'), ('PATH', '/opt/ros/humble/bin:/usr/local/sbin:/usr/local/bin:/usr/sbin:/usr/bin:/sbin:/bin'), ('LANG', 'C.UTF-8'), ('LS_COLORS', 'rs=0:di=01;34:ln=01;36:mh=00:pi=40;33:so=01;35:do=01;35:bd=40;33;01:cd=40;33;01:or=40;31;01:mi=00:su=37;41:sg=30;43:ca=30;41:tw=30;42:ow=34;42:st=37;44:ex=01;32:*.tar=01;31:*.tgz=01;31:*.arc=01;31:*.arj=01;31:*.taz=01;31:*.lha=01;31:*.lz4=01;31:*.lzh=01;31:*.lzma=01;31:*.tlz=01;31:*.txz=01;31:*.tzo=01;31:*.t7z=01;31:*.zip=01;31:*.z=01;31:*.dz=01;31:*.gz=01;31:*.lrz=01;31:*.lz=01;31:*.lzo=01;31:*.xz=01;31:*.zst=01;31:*.tzst=01;31:*.bz2=01;31:*.bz=01;31:*.tbz=01;31:*.tbz2=01;31:*.tz=01;31:*.deb=01;31:*.rpm=01;31:*.jar=01;31:*.war=01;31:*.ear=01;31:*.sar=01;31:*.rar=01;31:*.alz=01;31:*.ace=01;31:*.zoo=01;31:*.cpio=01;31:*.7z=01;31:*.rz=01;31:*.cab=01;31:*.wim=01;31:*.swm=01;31:*.dwm=01;31:*.esd=01;31:*.jpg=01;35:*.jpeg=01;35:*.mjpg=01;35:*.mjpeg=01;35:*.gif=01;35:*.bmp=01;35:*.pbm=01;35:*.pgm=01;35:*.ppm=01;35:*.tga=01;35:*.xbm=01;35:*.xpm=01;35:*.tif=01;35:*.tiff=01;35:*.png=01;35:*.svg=01;35:*.svgz=01;35:*.mng=01;35:*.pcx=01;35:*.mov=01;35:*.mpg=01;35:*.mpeg=01;35:*.m2v=01;35:*.mkv=01;35:*.webm=01;35:*.webp=01;35:*.ogm=01;35:*.mp4=01;35:*.m4v=01;35:*.mp4v=01;35:*.vob=01;35:*.qt=01;35:*.nuv=01;35:*.wmv=01;35:*.asf=01;35:*.rm=01;35:*.rmvb=01;35:*.flc=01;35:*.avi=01;35:*.fli=01;35:*.flv=01;35:*.gl=01;35:*.dl=01;35:*.xcf=01;35:*.xwd=01;35:*.yuv=01;35:*.cgm=01;35:*.emf=01;35:*.ogv=01;35:*.ogx=01;35:*.aac=00;36:*.au=00;36:*.flac=00;36:*.m4a=00;36:*.mid=00;36:*.midi=00;36:*.mka=00;36:*.mp3=00;36:*.mpc=00;36:*.ogg=00;36:*.ra=00;36:*.wav=00;36:*.oga=00;36:*.opus=00;36:*.spx=00;36:*.xspf=00;36:'), ('AMENT_PREFIX_PATH', '/opt/ros/humble'), ('PWD', '/ros2_ws/build/usb_cam'), ('LC_ALL', 'C.UTF-8'), ('PYTHONPATH', '/opt/ros/humble/lib/python3.10/site-packages:/opt/ros/humble/local/lib/python3.10/dist-packages'), ('COLCON', '1'), ('CMAKE_PREFIX_PATH', '/opt/ros/humble')]), 'shell': False}
[0.099596] (-) TimerEvent: {}
[0.200291] (-) TimerEvent: {}
[0.288063] (usb_cam) StdoutLine: {'line': b'-- The C compiler identification is GNU 11.4.0\n'}
[0.288693] (yolo_msgs) StdoutLine: {'line': b'-- The C compiler identification is GNU 11.4.0\n'}
[0.300497] (-) TimerEvent: {}
[0.401133] (-) TimerEvent: {}
[0.458811] (yolo_msgs) StdoutLine: {'line': b'-- The CXX compiler identification is GNU 11.4.0\n'}
[0.459228] (usb_cam) StdoutLine: {'line': b'-- The CXX compiler identification is GNU 11.4.0\n'}
[0.478131] (usb_cam) StdoutLine: {'line': b'-- Detecting C compiler ABI info\n'}
[0.478653] (yolo_msgs) StdoutLine: {'line': b'-- Detecting C compiler ABI info\n'}
[0.501324] (-) TimerEvent: {}
[0.602052] (-) TimerEvent: {}
[0.616019] (yolo_msgs) StdoutLine: {'line': b'-- Detecting C compiler ABI info - done\n'}
[0.616394] (usb_cam) StdoutLine: {'line': b'-- Detecting C compiler ABI info - done\n'}
[0.624935] (yolo_msgs) StdoutLine: {'line': b'-- Check for working C compiler: /usr/bin/cc - skipped\n'}
[0.625338] (usb_cam) StdoutLine: {'line': b'-- Check for working C compiler: /usr/bin/cc - skipped\n'}
[0.626331] (usb_cam) StdoutLine: {'line': b'-- Detecting C compile features\n'}
[0.626571] (yolo_msgs) StdoutLine: {'line': b'-- Detecting C compile features\n'}
[0.627750] (yolo_msgs) StdoutLine: {'line': b'-- Detecting C compile features - done\n'}
[0.627899] (usb_cam) StdoutLine: {'line': b'-- Detecting C compile features - done\n'}
[0.634143] (yolo_msgs) StdoutLine: {'line': b'-- Detecting CXX compiler ABI info\n'}
[0.634410] (usb_cam) StdoutLine: {'line': b'-- Detecting CXX compiler ABI info\n'}
[0.702650] (-) TimerEvent: {}
[0.776693] (yolo_msgs) StdoutLine: {'line': b'-- Detecting CXX compiler ABI info - done\n'}
[0.777070] (usb_cam) StdoutLine: {'line': b'-- Detecting CXX compiler ABI info - done\n'}
[0.785975] (usb_cam) StdoutLine: {'line': b'-- Check for working CXX compiler: /usr/bin/c++ - skipped\n'}
[0.786339] (yolo_msgs) StdoutLine: {'line': b'-- Check for working CXX compiler: /usr/bin/c++ - skipped\n'}
[0.786640] (usb_cam) StdoutLine: {'line': b'-- Detecting CXX compile features\n'}
[0.786972] (yolo_msgs) StdoutLine: {'line': b'-- Detecting CXX compile features\n'}
[0.787360] (usb_cam) StdoutLine: {'line': b'-- Detecting CXX compile features - done\n'}
[0.787637] (yolo_msgs) StdoutLine: {'line': b'-- Detecting CXX compile features - done\n'}
[0.798068] (usb_cam) StdoutLine: {'line': b'-- Found ament_cmake_auto: 1.3.14 (/opt/ros/humble/share/ament_cmake_auto/cmake)\n'}
[0.798825] (yolo_msgs) StdoutLine: {'line': b'-- Found ament_cmake: 1.3.14 (/opt/ros/humble/share/ament_cmake/cmake)\n'}
[0.802750] (-) TimerEvent: {}
[0.903393] (-) TimerEvent: {}
[1.004066] (-) TimerEvent: {}
[1.080336] (usb_cam) StdoutLine: {'line': b'-- Found Python3: /usr/bin/python3 (found version "3.10.12") found components: Interpreter \n'}
[1.080802] (yolo_msgs) StdoutLine: {'line': b'-- Found Python3: /usr/bin/python3 (found version "3.10.12") found components: Interpreter \n'}
[1.104342] (-) TimerEvent: {}
[1.204997] (-) TimerEvent: {}
[1.279854] (yolo_msgs) StdoutLine: {'line': b'-- Found rosidl_default_generators: 1.2.1 (/opt/ros/humble/share/rosidl_default_generators/cmake)\n'}
[1.288789] (yolo_msgs) StdoutLine: {'line': b'-- Using all available rosidl_typesupport_c: rosidl_typesupport_fastrtps_c;rosidl_typesupport_introspection_c\n'}
[1.305122] (-) TimerEvent: {}
[1.306188] (yolo_msgs) StdoutLine: {'line': b'-- Found rosidl_adapter: 3.1.8 (/opt/ros/humble/share/rosidl_adapter/cmake)\n'}
[1.405333] (-) TimerEvent: {}
[1.411565] (yolo_msgs) StdoutLine: {'line': b'-- Using all available rosidl_typesupport_cpp: rosidl_typesupport_fastrtps_cpp;rosidl_typesupport_introspection_cpp\n'}
[1.455374] (usb_cam) StdoutLine: {'line': b'-- Found rosidl_generator_c: 3.1.8 (/opt/ros/humble/share/rosidl_generator_c/cmake)\n'}
[1.463406] (usb_cam) StdoutLine: {'line': b'-- Found rosidl_adapter: 3.1.8 (/opt/ros/humble/share/rosidl_adapter/cmake)\n'}
[1.477386] (usb_cam) StdoutLine: {'line': b'-- Found rosidl_generator_cpp: 3.1.8 (/opt/ros/humble/share/rosidl_generator_cpp/cmake)\n'}
[1.496386] (usb_cam) StdoutLine: {'line': b'-- Using all available rosidl_typesupport_c: rosidl_typesupport_fastrtps_c;rosidl_typesupport_introspection_c\n'}
[1.499269] (yolo_msgs) StdoutLine: {'line': b'-- Found std_msgs: 4.9.1 (/opt/ros/humble/share/std_msgs/cmake)\n'}
[1.505495] (-) TimerEvent: {}
[1.520662] (usb_cam) StdoutLine: {'line': b'-- Using all available rosidl_typesupport_cpp: rosidl_typesupport_fastrtps_cpp;rosidl_typesupport_introspection_cpp\n'}
[1.552182] (yolo_msgs) StdoutLine: {'line': b'-- Found geometry_msgs: 4.9.1 (/opt/ros/humble/share/geometry_msgs/cmake)\n'}
[1.605621] (-) TimerEvent: {}
[1.614768] (usb_cam) StdoutLine: {'line': b'-- Found rmw_implementation_cmake: 6.1.2 (/opt/ros/humble/share/rmw_implementation_cmake/cmake)\n'}
[1.622269] (usb_cam) StdoutLine: {'line': b'-- Found rmw_fastrtps_cpp: 6.2.10 (/opt/ros/humble/share/rmw_fastrtps_cpp/cmake)\n'}
[1.705757] (-) TimerEvent: {}
[1.806167] (-) TimerEvent: {}
[1.819800] (usb_cam) StdoutLine: {'line': b'-- Found OpenSSL: /usr/lib/x86_64-linux-gnu/libcrypto.so (found version "3.0.2")  \n'}
[1.868594] (usb_cam) StdoutLine: {'line': b'-- Found FastRTPS: /opt/ros/humble/include  \n'}
[1.906454] (-) TimerEvent: {}
[1.941520] (usb_cam) StdoutLine: {'line': b"-- Using RMW implementation 'rmw_fastrtps_cpp' as default\n"}
[1.966522] (usb_cam) StdoutLine: {'line': b'-- Looking for pthread.h\n'}
[2.006625] (-) TimerEvent: {}
[2.065884] (yolo_msgs) StdoutLine: {'line': b'-- Found ament_cmake_ros: 0.10.0 (/opt/ros/humble/share/ament_cmake_ros/cmake)\n'}
[2.092012] (usb_cam) StdoutLine: {'line': b'-- Looking for pthread.h - found\n'}
[2.092450] (usb_cam) StdoutLine: {'line': b'-- Performing Test CMAKE_HAVE_LIBC_PTHREAD\n'}
[2.106768] (-) TimerEvent: {}
[2.207168] (-) TimerEvent: {}
[2.207949] (usb_cam) StdoutLine: {'line': b'-- Performing Test CMAKE_HAVE_LIBC_PTHREAD - Success\n'}
[2.209744] (usb_cam) StdoutLine: {'line': b'-- Found Threads: TRUE  \n'}
[2.307307] (-) TimerEvent: {}
[2.407700] (-) TimerEvent: {}
[2.418481] (yolo_msgs) StdoutLine: {'line': b'-- Using all available rosidl_typesupport_c: rosidl_typesupport_fastrtps_c;rosidl_typesupport_introspection_c\n'}
[2.507868] (-) TimerEvent: {}
[2.608415] (-) TimerEvent: {}
[2.622368] (usb_cam) StdoutLine: {'line': b'-- Found OpenCV: /usr (found version "4.5.4") \n'}
[2.628128] (usb_cam) StdoutLine: {'line': b'-- Found PkgConfig: /usr/bin/pkg-config (found version "0.29.2") \n'}
[2.629280] (usb_cam) StdoutLine: {'line': b"-- Checking for module 'libavcodec'\n"}
[2.650929] (usb_cam) StdoutLine: {'line': b'--   Found libavcodec, version 58.134.100\n'}
[2.708307] (usb_cam) StdoutLine: {'line': b"-- Checking for module 'libavutil'\n"}
[2.708555] (-) TimerEvent: {}
[2.729152] (usb_cam) StdoutLine: {'line': b'--   Found libavutil, version 56.70.100\n'}
[2.778895] (usb_cam) StdoutLine: {'line': b"-- Checking for module 'libswscale'\n"}
[2.799351] (usb_cam) StdoutLine: {'line': b'--   Found libswscale, version 5.9.100\n'}
[2.808706] (-) TimerEvent: {}
[2.826731] (yolo_msgs) StdoutLine: {'line': b'-- Using all available rosidl_typesupport_cpp: rosidl_typesupport_fastrtps_cpp;rosidl_typesupport_introspection_cpp\n'}
[2.855318] (yolo_msgs) StdoutLine: {'line': b'-- Found PythonInterp: /usr/bin/python3 (found suitable version "3.10.12", minimum required is "3.6") \n'}
[2.858387] (yolo_msgs) StdoutLine: {'line': b'-- Found python_cmake_module: 0.10.0 (/opt/ros/humble/share/python_cmake_module/cmake)\n'}
[2.859165] (usb_cam) StdoutLine: {'line': b'-- Found ament_lint_auto: 0.12.15 (/opt/ros/humble/share/ament_lint_auto/cmake)\n'}
[2.891109] (yolo_msgs) StdoutLine: {'line': b'-- Found PythonLibs: /usr/lib/x86_64-linux-gnu/libpython3.10.so (found suitable version "3.10.12", minimum required is "3.5") \n'}
[2.891421] (yolo_msgs) StdoutLine: {'line': b'-- Using PYTHON_EXECUTABLE: /usr/bin/python3\n'}
[2.891514] (yolo_msgs) StdoutLine: {'line': b'-- Using PYTHON_INCLUDE_DIRS: /usr/include/python3.10\n'}
[2.891593] (yolo_msgs) StdoutLine: {'line': b'-- Using PYTHON_LIBRARIES: /usr/lib/x86_64-linux-gnu/libpython3.10.so\n'}
[2.901300] (usb_cam) StdoutLine: {'line': b"-- Found gtest sources under '/opt/ros/humble/src/gtest_vendor': C++ tests using 'Google Test' will be built\n"}
[2.908900] (-) TimerEvent: {}
[2.910562] (usb_cam) StderrLine: {'line': b'\x1b[0mIn this package, headers install destination is set to `include` by ament_auto_package. It is recommended to install `include/usb_cam` instead and will be the default behavior of ament_auto_package from ROS 2 Kilted Kaiju. On distributions before Kilted, ament_auto_package behaves the same way when you use USE_SCOPED_HEADER_INSTALL_DIR option.\x1b[0m\n'}
[2.915774] (yolo_msgs) StdoutLine: {'line': b'-- Found PythonExtra: .so  \n'}
[2.919814] (usb_cam) StdoutLine: {'line': b"-- Added test 'copyright' to check source files copyright and LICENSE\n"}
[2.928843] (usb_cam) StdoutLine: {'line': b"-- Added test 'cppcheck' to perform static code analysis on C / C++ code\n"}
[2.929120] (usb_cam) StdoutLine: {'line': b'-- Configured cppcheck include dirs: /ros2_ws/src/usb_cam/include\n'}
[2.929238] (usb_cam) StdoutLine: {'line': b'-- Configured cppcheck exclude dirs and/or files: \n'}
[2.939025] (usb_cam) StdoutLine: {'line': b"-- Added test 'cpplint' to check C / C++ code against the Google style\n"}
[2.939269] (usb_cam) StdoutLine: {'line': b'-- Configured cpplint exclude dirs and/or files: \n'}
[2.941180] (usb_cam) StdoutLine: {'line': b"-- Added test 'flake8' to check Python code syntax and style conventions\n"}
[2.944480] (usb_cam) StdoutLine: {'line': b"-- Added test 'lint_cmake' to check CMake code style\n"}
[2.946830] (usb_cam) StdoutLine: {'line': b"-- Added test 'pep257' to check Python code against some of the docstring style conventions in PEP 257\n"}
[2.955606] (usb_cam) StdoutLine: {'line': b"-- Added test 'uncrustify' to check C / C++ code style\n"}
[2.955794] (usb_cam) StdoutLine: {'line': b'-- Configured uncrustify additional arguments: \n'}
[2.957936] (usb_cam) StdoutLine: {'line': b"-- Added test 'xmllint' to check XML markup files\n"}
[2.964130] (usb_cam) StdoutLine: {'line': b'-- Configuring done\n'}
[3.009042] (-) TimerEvent: {}
[3.017792] (usb_cam) StdoutLine: {'line': b'-- Generating done\n'}
[3.031380] (usb_cam) StdoutLine: {'line': b'-- Build files have been written to: /ros2_ws/build/usb_cam\n'}
[3.044387] (usb_cam) CommandEnded: {'returncode': 0}
[3.045208] (usb_cam) JobProgress: {'identifier': 'usb_cam', 'progress': 'build'}
[3.045916] (usb_cam) Command: {'cmd': ['/usr/bin/cmake', '--build', '/ros2_ws/build/usb_cam', '--', '-j16', '-l16'], 'cwd': '/ros2_ws/build/usb_cam', 'env': OrderedDict([('HOSTNAME', 'docker-desktop'), ('SHLVL', '1'), ('LD_LIBRARY_PATH', '/opt/ros/humble/opt/rviz_ogre_vendor/lib:/opt/ros/humble/lib/x86_64-linux-gnu:/opt/ros/humble/lib'), ('HOME', '/root'), ('ROS_PYTHON_VERSION', '3'), ('ROS_DISTRO', 'humble'), ('_', '/usr/bin/colcon'), ('ROS_VERSION', '2'), ('TERM', 'xterm'), ('ROS_LOCALHOST_ONLY', '0'), ('PATH', '/opt/ros/humble/bin:/usr/local/sbin:/usr/local/bin:/usr/sbin:/usr/bin:/sbin:/bin'), ('LANG', 'C.UTF-8'), ('LS_COLORS', 'rs=0:di=01;34:ln=01;36:mh=00:pi=40;33:so=01;35:do=01;35:bd=40;33;01:cd=40;33;01:or=40;31;01:mi=00:su=37;41:sg=30;43:ca=30;41:tw=30;42:ow=34;42:st=37;44:ex=01;32:*.tar=01;31:*.tgz=01;31:*.arc=01;31:*.arj=01;31:*.taz=01;31:*.lha=01;31:*.lz4=01;31:*.lzh=01;31:*.lzma=01;31:*.tlz=01;31:*.txz=01;31:*.tzo=01;31:*.t7z=01;31:*.zip=01;31:*.z=01;31:*.dz=01;31:*.gz=01;31:*.lrz=01;31:*.lz=01;31:*.lzo=01;31:*.xz=01;31:*.zst=01;31:*.tzst=01;31:*.bz2=01;31:*.bz=01;31:*.tbz=01;31:*.tbz2=01;31:*.tz=01;31:*.deb=01;31:*.rpm=01;31:*.jar=01;31:*.war=01;31:*.ear=01;31:*.sar=01;31:*.rar=01;31:*.alz=01;31:*.ace=01;31:*.zoo=01;31:*.cpio=01;31:*.7z=01;31:*.rz=01;31:*.cab=01;31:*.wim=01;31:*.swm=01;31:*.dwm=01;31:*.esd=01;31:*.jpg=01;35:*.jpeg=01;35:*.mjpg=01;35:*.mjpeg=01;35:*.gif=01;35:*.bmp=01;35:*.pbm=01;35:*.pgm=01;35:*.ppm=01;35:*.tga=01;35:*.xbm=01;35:*.xpm=01;35:*.tif=01;35:*.tiff=01;35:*.png=01;35:*.svg=01;35:*.svgz=01;35:*.mng=01;35:*.pcx=01;35:*.mov=01;35:*.mpg=01;35:*.mpeg=01;35:*.m2v=01;35:*.mkv=01;35:*.webm=01;35:*.webp=01;35:*.ogm=01;35:*.mp4=01;35:*.m4v=01;35:*.mp4v=01;35:*.vob=01;35:*.qt=01;35:*.nuv=01;35:*.wmv=01;35:*.asf=01;35:*.rm=01;35:*.rmvb=01;35:*.flc=01;35:*.avi=01;35:*.fli=01;35:*.flv=01;35:*.gl=01;35:*.dl=01;35:*.xcf=01;35:*.xwd=01;35:*.yuv=01;35:*.cgm=01;35:*.emf=01;35:*.ogv=01;35:*.ogx=01;35:*.aac=00;36:*.au=00;36:*.flac=00;36:*.m4a=00;36:*.mid=00;36:*.midi=00;36:*.mka=00;36:*.mp3=00;36:*.mpc=00;36:*.ogg=00;36:*.ra=00;36:*.wav=00;36:*.oga=00;36:*.opus=00;36:*.spx=00;36:*.xspf=00;36:'), ('AMENT_PREFIX_PATH', '/opt/ros/humble'), ('PWD', '/ros2_ws/build/usb_cam'), ('LC_ALL', 'C.UTF-8'), ('PYTHONPATH', '/opt/ros/humble/lib/python3.10/site-packages:/opt/ros/humble/local/lib/python3.10/dist-packages'), ('COLCON', '1'), ('CMAKE_PREFIX_PATH', '/opt/ros/humble')]), 'shell': False}
[3.089569] (yolo_msgs) StdoutLine: {'line': b'-- Configuring done\n'}
[3.111540] (-) TimerEvent: {}
[3.131117] (usb_cam) StdoutLine: {'line': b'[ 14%] \x1b[32mBuilding CXX object CMakeFiles/usb_cam_node_exe.dir/rclcpp_components/node_main_usb_cam_node_exe.cpp.o\x1b[0m\n'}
[3.131382] (usb_cam) StdoutLine: {'line': b'[ 14%] \x1b[32mBuilding CXX object CMakeFiles/usb_cam.dir/src/usb_cam.cpp.o\x1b[0m\n'}
[3.131657] (usb_cam) StdoutLine: {'line': b'[ 21%] \x1b[32mBuilding CXX object gtest/CMakeFiles/gtest_main.dir/src/gtest_main.cc.o\x1b[0m\n'}
[3.133160] (usb_cam) StdoutLine: {'line': b'[ 28%] \x1b[32mBuilding CXX object gtest/CMakeFiles/gtest.dir/src/gtest-all.cc.o\x1b[0m\n'}
[3.211730] (-) TimerEvent: {}
[3.227329] (yolo_msgs) StdoutLine: {'line': b'-- Generating done\n'}
[3.251033] (yolo_msgs) StdoutLine: {'line': b'-- Build files have been written to: /ros2_ws/build/yolo_msgs\n'}
[3.264375] (yolo_msgs) CommandEnded: {'returncode': 0}
[3.265211] (yolo_msgs) JobProgress: {'identifier': 'yolo_msgs', 'progress': 'build'}
[3.265597] (yolo_msgs) Command: {'cmd': ['/usr/bin/cmake', '--build', '/ros2_ws/build/yolo_msgs', '--', '-j16', '-l16'], 'cwd': '/ros2_ws/build/yolo_msgs', 'env': OrderedDict([('HOSTNAME', 'docker-desktop'), ('SHLVL', '1'), ('LD_LIBRARY_PATH', '/opt/ros/humble/opt/rviz_ogre_vendor/lib:/opt/ros/humble/lib/x86_64-linux-gnu:/opt/ros/humble/lib'), ('HOME', '/root'), ('ROS_PYTHON_VERSION', '3'), ('ROS_DISTRO', 'humble'), ('_', '/usr/bin/colcon'), ('ROS_VERSION', '2'), ('TERM', 'xterm'), ('ROS_LOCALHOST_ONLY', '0'), ('PATH', '/opt/ros/humble/bin:/usr/local/sbin:/usr/local/bin:/usr/sbin:/usr/bin:/sbin:/bin'), ('LANG', 'C.UTF-8'), ('LS_COLORS', 'rs=0:di=01;34:ln=01;36:mh=00:pi=40;33:so=01;35:do=01;35:bd=40;33;01:cd=40;33;01:or=40;31;01:mi=00:su=37;41:sg=30;43:ca=30;41:tw=30;42:ow=34;42:st=37;44:ex=01;32:*.tar=01;31:*.tgz=01;31:*.arc=01;31:*.arj=01;31:*.taz=01;31:*.lha=01;31:*.lz4=01;31:*.lzh=01;31:*.lzma=01;31:*.tlz=01;31:*.txz=01;31:*.tzo=01;31:*.t7z=01;31:*.zip=01;31:*.z=01;31:*.dz=01;31:*.gz=01;31:*.lrz=01;31:*.lz=01;31:*.lzo=01;31:*.xz=01;31:*.zst=01;31:*.tzst=01;31:*.bz2=01;31:*.bz=01;31:*.tbz=01;31:*.tbz2=01;31:*.tz=01;31:*.deb=01;31:*.rpm=01;31:*.jar=01;31:*.war=01;31:*.ear=01;31:*.sar=01;31:*.rar=01;31:*.alz=01;31:*.ace=01;31:*.zoo=01;31:*.cpio=01;31:*.7z=01;31:*.rz=01;31:*.cab=01;31:*.wim=01;31:*.swm=01;31:*.dwm=01;31:*.esd=01;31:*.jpg=01;35:*.jpeg=01;35:*.mjpg=01;35:*.mjpeg=01;35:*.gif=01;35:*.bmp=01;35:*.pbm=01;35:*.pgm=01;35:*.ppm=01;35:*.tga=01;35:*.xbm=01;35:*.xpm=01;35:*.tif=01;35:*.tiff=01;35:*.png=01;35:*.svg=01;35:*.svgz=01;35:*.mng=01;35:*.pcx=01;35:*.mov=01;35:*.mpg=01;35:*.mpeg=01;35:*.m2v=01;35:*.mkv=01;35:*.webm=01;35:*.webp=01;35:*.ogm=01;35:*.mp4=01;35:*.m4v=01;35:*.mp4v=01;35:*.vob=01;35:*.qt=01;35:*.nuv=01;35:*.wmv=01;35:*.asf=01;35:*.rm=01;35:*.rmvb=01;35:*.flc=01;35:*.avi=01;35:*.fli=01;35:*.flv=01;35:*.gl=01;35:*.dl=01;35:*.xcf=01;35:*.xwd=01;35:*.yuv=01;35:*.cgm=01;35:*.emf=01;35:*.ogv=01;35:*.ogx=01;35:*.aac=00;36:*.au=00;36:*.flac=00;36:*.m4a=00;36:*.mid=00;36:*.midi=00;36:*.mka=00;36:*.mp3=00;36:*.mpc=00;36:*.ogg=00;36:*.ra=00;36:*.wav=00;36:*.oga=00;36:*.opus=00;36:*.spx=00;36:*.xspf=00;36:'), ('AMENT_PREFIX_PATH', '/opt/ros/humble'), ('PWD', '/ros2_ws/build/yolo_msgs'), ('LC_ALL', 'C.UTF-8'), ('PYTHONPATH', '/opt/ros/humble/lib/python3.10/site-packages:/opt/ros/humble/local/lib/python3.10/dist-packages'), ('COLCON', '1'), ('CMAKE_PREFIX_PATH', '/opt/ros/humble')]), 'shell': False}
[3.311908] (-) TimerEvent: {}
[3.330367] (yolo_msgs) StdoutLine: {'line': b'[  1%] \x1b[34m\x1b[1mGenerating C code for ROS interfaces\x1b[0m\n'}
[3.347352] (yolo_msgs) StdoutLine: {'line': b'[  2%] \x1b[34m\x1b[1mGenerating Rust code for ROS interfaces\x1b[0m\n'}
[3.349986] (yolo_msgs) StdoutLine: {'line': b'[  2%] \x1b[34m\x1b[1mGenerating C++ code for ROS interfaces\x1b[0m\n'}
[3.363817] (yolo_msgs) StdoutLine: {'line': b'[  2%] Built target ament_cmake_python_copy_yolo_msgs\n'}
[3.412057] (-) TimerEvent: {}
[3.512540] (-) TimerEvent: {}
[3.612989] (-) TimerEvent: {}
[3.701935] (yolo_msgs) StdoutLine: {'line': b'running egg_info\n'}
[3.702802] (yolo_msgs) StdoutLine: {'line': b'creating yolo_msgs.egg-info\n'}
[3.703739] (yolo_msgs) StdoutLine: {'line': b'writing yolo_msgs.egg-info/PKG-INFO\n'}
[3.703969] (yolo_msgs) StdoutLine: {'line': b'writing dependency_links to yolo_msgs.egg-info/dependency_links.txt\n'}
[3.704174] (yolo_msgs) StdoutLine: {'line': b'writing top-level names to yolo_msgs.egg-info/top_level.txt\n'}
[3.704403] (yolo_msgs) StdoutLine: {'line': b"writing manifest file 'yolo_msgs.egg-info/SOURCES.txt'\n"}
[3.707375] (yolo_msgs) StdoutLine: {'line': b"reading manifest file 'yolo_msgs.egg-info/SOURCES.txt'\n"}
[3.707858] (yolo_msgs) StdoutLine: {'line': b"writing manifest file 'yolo_msgs.egg-info/SOURCES.txt'\n"}
[3.713086] (-) TimerEvent: {}
[3.753900] (yolo_msgs) StdoutLine: {'line': b'[  2%] Built target ament_cmake_python_build_yolo_msgs_egg\n'}
[3.813296] (-) TimerEvent: {}
[3.913864] (-) TimerEvent: {}
[4.014419] (-) TimerEvent: {}
[4.114903] (-) TimerEvent: {}
[4.183092] (yolo_msgs) StdoutLine: {'line': b'[  2%] Built target yolo_msgs__rs\n'}
[4.215085] (-) TimerEvent: {}
[4.315678] (-) TimerEvent: {}
[4.416110] (-) TimerEvent: {}
[4.436727] (usb_cam) StdoutLine: {'line': b'[ 35%] \x1b[32m\x1b[1mLinking CXX static library libgtest_main.a\x1b[0m\n'}
[4.492143] (usb_cam) StdoutLine: {'line': b'[ 35%] Built target gtest_main\n'}
[4.516812] (-) TimerEvent: {}
[4.617822] (-) TimerEvent: {}
[4.673756] (yolo_msgs) StdoutLine: {'line': b'[  2%] Built target yolo_msgs__cpp\n'}
[4.691515] (yolo_msgs) StdoutLine: {'line': b'[  4%] \x1b[34m\x1b[1mGenerating C++ type support dispatch for ROS interfaces\x1b[0m\n'}
[4.692053] (yolo_msgs) StdoutLine: {'line': b'[  4%] \x1b[34m\x1b[1mGenerating C++ type support for eProsima Fast-RTPS\x1b[0m\n'}
[4.699440] (yolo_msgs) StdoutLine: {'line': b'[  5%] \x1b[34m\x1b[1mGenerating C++ introspection for ROS interfaces\x1b[0m\n'}
[4.717945] (-) TimerEvent: {}
[4.739307] (yolo_msgs) StdoutLine: {'line': b'[  7%] \x1b[32mBuilding C object CMakeFiles/yolo_msgs__rosidl_generator_c.dir/rosidl_generator_c/yolo_msgs/msg/detail/point2_d__functions.c.o\x1b[0m\n'}
[4.739692] (yolo_msgs) StdoutLine: {'line': b'[  7%] \x1b[32mBuilding C object CMakeFiles/yolo_msgs__rosidl_generator_c.dir/rosidl_generator_c/yolo_msgs/msg/detail/mask__functions.c.o\x1b[0m\n'}
[4.739883] (yolo_msgs) StdoutLine: {'line': b'[  8%] \x1b[32mBuilding C object CMakeFiles/yolo_msgs__rosidl_generator_c.dir/rosidl_generator_c/yolo_msgs/msg/detail/bounding_box3_d__functions.c.o\x1b[0m\n'}
[4.740277] (yolo_msgs) StdoutLine: {'line': b'[  8%] \x1b[32mBuilding C object CMakeFiles/yolo_msgs__rosidl_generator_c.dir/rosidl_generator_c/yolo_msgs/msg/detail/key_point2_d__functions.c.o\x1b[0m\n'}
[4.740389] (yolo_msgs) StdoutLine: {'line': b'[  9%] \x1b[32mBuilding C object CMakeFiles/yolo_msgs__rosidl_generator_c.dir/rosidl_generator_c/yolo_msgs/msg/detail/key_point2_d_array__functions.c.o\x1b[0m\n'}
[4.740477] (yolo_msgs) StdoutLine: {'line': b'[ 11%] \x1b[32mBuilding C object CMakeFiles/yolo_msgs__rosidl_generator_c.dir/rosidl_generator_c/yolo_msgs/msg/detail/key_point3_d__functions.c.o\x1b[0m\n'}
[4.740670] (yolo_msgs) StdoutLine: {'line': b'[ 11%] \x1b[32mBuilding C object CMakeFiles/yolo_msgs__rosidl_generator_c.dir/rosidl_generator_c/yolo_msgs/msg/detail/vector2__functions.c.o\x1b[0m\n'}
[4.740760] (yolo_msgs) StdoutLine: {'line': b'[ 10%] \x1b[32mBuilding C object CMakeFiles/yolo_msgs__rosidl_generator_c.dir/rosidl_generator_c/yolo_msgs/msg/detail/pose2_d__functions.c.o\x1b[0m\n'}
[4.742572] (yolo_msgs) StdoutLine: {'line': b'[ 12%] \x1b[32mBuilding C object CMakeFiles/yolo_msgs__rosidl_generator_c.dir/rosidl_generator_c/yolo_msgs/msg/detail/bounding_box2_d__functions.c.o\x1b[0m\n'}
[4.749597] (yolo_msgs) StdoutLine: {'line': b'[ 12%] \x1b[32mBuilding C object CMakeFiles/yolo_msgs__rosidl_generator_c.dir/rosidl_generator_c/yolo_msgs/msg/detail/detection__functions.c.o\x1b[0m\n'}
[4.750098] (yolo_msgs) StdoutLine: {'line': b'[ 13%] \x1b[32mBuilding C object CMakeFiles/yolo_msgs__rosidl_generator_c.dir/rosidl_generator_c/yolo_msgs/msg/detail/key_point3_d_array__functions.c.o\x1b[0m\n'}
[4.751548] (yolo_msgs) StdoutLine: {'line': b'[ 14%] \x1b[32mBuilding C object CMakeFiles/yolo_msgs__rosidl_generator_c.dir/rosidl_generator_c/yolo_msgs/msg/detail/detection_array__functions.c.o\x1b[0m\n'}
[4.789107] (yolo_msgs) StdoutLine: {'line': b'[ 15%] \x1b[32mBuilding C object CMakeFiles/yolo_msgs__rosidl_generator_c.dir/rosidl_generator_c/yolo_msgs/srv/detail/set_classes__functions.c.o\x1b[0m\n'}
[4.819132] (-) TimerEvent: {}
[4.886222] (yolo_msgs) StdoutLine: {'line': b'[ 16%] \x1b[32m\x1b[1mLinking C shared library libyolo_msgs__rosidl_generator_c.so\x1b[0m\n'}
[4.919326] (-) TimerEvent: {}
[4.946267] (yolo_msgs) StdoutLine: {'line': b'[ 16%] Built target yolo_msgs__rosidl_generator_c\n'}
[4.960115] (yolo_msgs) StdoutLine: {'line': b'[ 19%] \x1b[34m\x1b[1mGenerating C type support for eProsima Fast-RTPS\x1b[0m\n'}
[4.960407] (yolo_msgs) StdoutLine: {'line': b'[ 19%] \x1b[34m\x1b[1mGenerating C introspection for ROS interfaces\x1b[0m\n'}
[4.960492] (yolo_msgs) StdoutLine: {'line': b'[ 19%] \x1b[34m\x1b[1mGenerating C type support dispatch for ROS interfaces\x1b[0m\n'}
[5.019452] (-) TimerEvent: {}
[5.119901] (-) TimerEvent: {}
[5.220401] (-) TimerEvent: {}
[5.320873] (-) TimerEvent: {}
[5.421278] (-) TimerEvent: {}
[5.521777] (-) TimerEvent: {}
[5.535051] (yolo_msgs) StdoutLine: {'line': b'[ 20%] \x1b[32mBuilding CXX object CMakeFiles/yolo_msgs__rosidl_typesupport_cpp.dir/rosidl_typesupport_cpp/yolo_msgs/msg/bounding_box3_d__type_support.cpp.o\x1b[0m\n'}
[5.535346] (yolo_msgs) StdoutLine: {'line': b'[ 21%] \x1b[32mBuilding CXX object CMakeFiles/yolo_msgs__rosidl_typesupport_cpp.dir/rosidl_typesupport_cpp/yolo_msgs/msg/pose2_d__type_support.cpp.o\x1b[0m\n'}
[5.536660] (yolo_msgs) StdoutLine: {'line': b'[ 21%] \x1b[32mBuilding CXX object CMakeFiles/yolo_msgs__rosidl_typesupport_cpp.dir/rosidl_typesupport_cpp/yolo_msgs/msg/mask__type_support.cpp.o\x1b[0m\n'}
[5.538627] (yolo_msgs) StdoutLine: {'line': b'[ 22%] \x1b[32mBuilding CXX object CMakeFiles/yolo_msgs__rosidl_typesupport_cpp.dir/rosidl_typesupport_cpp/yolo_msgs/msg/bounding_box2_d__type_support.cpp.o\x1b[0m\n'}
[5.540326] (yolo_msgs) StdoutLine: {'line': b'[ 22%] \x1b[32mBuilding CXX object CMakeFiles/yolo_msgs__rosidl_typesupport_cpp.dir/rosidl_typesupport_cpp/yolo_msgs/msg/vector2__type_support.cpp.o\x1b[0m\n'}
[5.540616] (yolo_msgs) StdoutLine: {'line': b'[ 23%] \x1b[32mBuilding CXX object CMakeFiles/yolo_msgs__rosidl_typesupport_cpp.dir/rosidl_typesupport_cpp/yolo_msgs/msg/key_point2_d__type_support.cpp.o\x1b[0m\n'}
[5.543788] (yolo_msgs) StdoutLine: {'line': b'[ 24%] \x1b[32mBuilding CXX object CMakeFiles/yolo_msgs__rosidl_typesupport_cpp.dir/rosidl_typesupport_cpp/yolo_msgs/msg/point2_d__type_support.cpp.o\x1b[0m\n'}
[5.548248] (yolo_msgs) StdoutLine: {'line': b'[ 25%] \x1b[32mBuilding CXX object CMakeFiles/yolo_msgs__rosidl_typesupport_cpp.dir/rosidl_typesupport_cpp/yolo_msgs/msg/key_point3_d_array__type_support.cpp.o\x1b[0m\n'}
[5.548553] (yolo_msgs) StdoutLine: {'line': b'[ 25%] \x1b[32mBuilding CXX object CMakeFiles/yolo_msgs__rosidl_typesupport_cpp.dir/rosidl_typesupport_cpp/yolo_msgs/msg/detection__type_support.cpp.o\x1b[0m\n'}
[5.550567] (yolo_msgs) StdoutLine: {'line': b'[ 26%] \x1b[32mBuilding CXX object CMakeFiles/yolo_msgs__rosidl_typesupport_cpp.dir/rosidl_typesupport_cpp/yolo_msgs/msg/key_point2_d_array__type_support.cpp.o\x1b[0m\n'}
[5.552420] (yolo_msgs) StdoutLine: {'line': b'[ 27%] \x1b[32mBuilding CXX object CMakeFiles/yolo_msgs__rosidl_typesupport_cpp.dir/rosidl_typesupport_cpp/yolo_msgs/msg/key_point3_d__type_support.cpp.o\x1b[0m\n'}
[5.621889] (-) TimerEvent: {}
[5.726602] (-) TimerEvent: {}
[5.827102] (-) TimerEvent: {}
[5.927613] (-) TimerEvent: {}
[6.028070] (-) TimerEvent: {}
[6.094418] (yolo_msgs) StdoutLine: {'line': b'[ 28%] \x1b[32mBuilding CXX object CMakeFiles/yolo_msgs__rosidl_typesupport_cpp.dir/rosidl_typesupport_cpp/yolo_msgs/msg/detection_array__type_support.cpp.o\x1b[0m\n'}
[6.095839] (yolo_msgs) StdoutLine: {'line': b'[ 29%] \x1b[32mBuilding CXX object CMakeFiles/yolo_msgs__rosidl_typesupport_cpp.dir/rosidl_typesupport_cpp/yolo_msgs/srv/set_classes__type_support.cpp.o\x1b[0m\n'}
[6.106932] (usb_cam) StdoutLine: {'line': b'[ 42%] \x1b[32m\x1b[1mLinking CXX shared library libusb_cam.so\x1b[0m\n'}
[6.128213] (-) TimerEvent: {}
[6.157690] (yolo_msgs) StdoutLine: {'line': b'[ 29%] \x1b[32mBuilding CXX object CMakeFiles/yolo_msgs__rosidl_typesupport_c.dir/rosidl_typesupport_c/yolo_msgs/msg/point2_d__type_support.cpp.o\x1b[0m\n'}
[6.168293] (yolo_msgs) StdoutLine: {'line': b'[ 30%] \x1b[32mBuilding CXX object CMakeFiles/yolo_msgs__rosidl_typesupport_c.dir/rosidl_typesupport_c/yolo_msgs/msg/pose2_d__type_support.cpp.o\x1b[0m\n'}
[6.173297] (yolo_msgs) StdoutLine: {'line': b'[ 31%] \x1b[32mBuilding CXX object CMakeFiles/yolo_msgs__rosidl_typesupport_c.dir/rosidl_typesupport_c/yolo_msgs/msg/vector2__type_support.cpp.o\x1b[0m\n'}
[6.182200] (yolo_msgs) StdoutLine: {'line': b'[ 32%] \x1b[32mBuilding CXX object CMakeFiles/yolo_msgs__rosidl_typesupport_c.dir/rosidl_typesupport_c/yolo_msgs/msg/bounding_box2_d__type_support.cpp.o\x1b[0m\n'}
[6.182609] (yolo_msgs) StdoutLine: {'line': b'[ 32%] \x1b[32mBuilding CXX object CMakeFiles/yolo_msgs__rosidl_typesupport_c.dir/rosidl_typesupport_c/yolo_msgs/msg/bounding_box3_d__type_support.cpp.o\x1b[0m\n'}
[6.185136] (yolo_msgs) StdoutLine: {'line': b'[ 33%] \x1b[32mBuilding CXX object CMakeFiles/yolo_msgs__rosidl_typesupport_introspection_cpp.dir/rosidl_typesupport_introspection_cpp/yolo_msgs/msg/detail/point2_d__type_support.cpp.o\x1b[0m\n'}
[6.211401] (yolo_msgs) StdoutLine: {'line': b'[ 33%] \x1b[32mBuilding CXX object CMakeFiles/yolo_msgs__rosidl_typesupport_introspection_cpp.dir/rosidl_typesupport_introspection_cpp/yolo_msgs/msg/detail/vector2__type_support.cpp.o\x1b[0m\n'}
[6.211757] (yolo_msgs) StdoutLine: {'line': b'[ 34%] \x1b[32mBuilding CXX object CMakeFiles/yolo_msgs__rosidl_typesupport_introspection_cpp.dir/rosidl_typesupport_introspection_cpp/yolo_msgs/msg/detail/pose2_d__type_support.cpp.o\x1b[0m\n'}
[6.220656] (yolo_msgs) StdoutLine: {'line': b'[ 35%] \x1b[32mBuilding CXX object CMakeFiles/yolo_msgs__rosidl_typesupport_c.dir/rosidl_typesupport_c/yolo_msgs/msg/mask__type_support.cpp.o\x1b[0m\n'}
[6.228372] (-) TimerEvent: {}
[6.249100] (yolo_msgs) StdoutLine: {'line': b'[ 36%] \x1b[32mBuilding CXX object CMakeFiles/yolo_msgs__rosidl_typesupport_c.dir/rosidl_typesupport_c/yolo_msgs/msg/key_point2_d__type_support.cpp.o\x1b[0m\n'}
[6.255889] (yolo_msgs) StdoutLine: {'line': b'[ 37%] \x1b[32mBuilding CXX object CMakeFiles/yolo_msgs__rosidl_typesupport_c.dir/rosidl_typesupport_c/yolo_msgs/msg/key_point2_d_array__type_support.cpp.o\x1b[0m\n'}
[6.258641] (yolo_msgs) StdoutLine: {'line': b'[ 38%] \x1b[32mBuilding CXX object CMakeFiles/yolo_msgs__rosidl_typesupport_c.dir/rosidl_typesupport_c/yolo_msgs/msg/key_point3_d__type_support.cpp.o\x1b[0m\n'}
[6.260332] (yolo_msgs) StdoutLine: {'line': b'[ 39%] \x1b[32mBuilding CXX object CMakeFiles/yolo_msgs__rosidl_typesupport_introspection_cpp.dir/rosidl_typesupport_introspection_cpp/yolo_msgs/msg/detail/bounding_box2_d__type_support.cpp.o\x1b[0m\n'}
[6.294975] (yolo_msgs) StdoutLine: {'line': b'[ 40%] \x1b[32mBuilding CXX object CMakeFiles/yolo_msgs__rosidl_typesupport_introspection_cpp.dir/rosidl_typesupport_introspection_cpp/yolo_msgs/msg/detail/bounding_box3_d__type_support.cpp.o\x1b[0m\n'}
[6.300172] (yolo_msgs) StdoutLine: {'line': b'[ 40%] \x1b[32mBuilding CXX object CMakeFiles/yolo_msgs__rosidl_typesupport_introspection_cpp.dir/rosidl_typesupport_introspection_cpp/yolo_msgs/msg/detail/mask__type_support.cpp.o\x1b[0m\n'}
[6.325994] (yolo_msgs) StdoutLine: {'line': b'[ 40%] \x1b[32mBuilding CXX object CMakeFiles/yolo_msgs__rosidl_typesupport_c.dir/rosidl_typesupport_c/yolo_msgs/msg/key_point3_d_array__type_support.cpp.o\x1b[0m\n'}
[6.330410] (-) TimerEvent: {}
[6.345506] (yolo_msgs) StdoutLine: {'line': b'[ 41%] \x1b[32mBuilding CXX object CMakeFiles/yolo_msgs__rosidl_typesupport_c.dir/rosidl_typesupport_c/yolo_msgs/msg/detection__type_support.cpp.o\x1b[0m\n'}
[6.364880] (yolo_msgs) StdoutLine: {'line': b'[ 42%] \x1b[32mBuilding CXX object CMakeFiles/yolo_msgs__rosidl_typesupport_introspection_cpp.dir/rosidl_typesupport_introspection_cpp/yolo_msgs/msg/detail/key_point2_d__type_support.cpp.o\x1b[0m\n'}
[6.374677] (yolo_msgs) StdoutLine: {'line': b'[ 43%] \x1b[32mBuilding CXX object CMakeFiles/yolo_msgs__rosidl_typesupport_introspection_cpp.dir/rosidl_typesupport_introspection_cpp/yolo_msgs/msg/detail/key_point2_d_array__type_support.cpp.o\x1b[0m\n'}
[6.382410] (yolo_msgs) StdoutLine: {'line': b'[ 44%] \x1b[32mBuilding CXX object CMakeFiles/yolo_msgs__rosidl_typesupport_c.dir/rosidl_typesupport_c/yolo_msgs/msg/detection_array__type_support.cpp.o\x1b[0m\n'}
[6.430572] (-) TimerEvent: {}
[6.441026] (yolo_msgs) StdoutLine: {'line': b'[ 45%] \x1b[32mBuilding CXX object CMakeFiles/yolo_msgs__rosidl_typesupport_c.dir/rosidl_typesupport_c/yolo_msgs/srv/set_classes__type_support.cpp.o\x1b[0m\n'}
[6.456952] (yolo_msgs) StdoutLine: {'line': b'[ 46%] \x1b[32mBuilding CXX object CMakeFiles/yolo_msgs__rosidl_typesupport_fastrtps_cpp.dir/rosidl_typesupport_fastrtps_cpp/yolo_msgs/msg/detail/dds_fastrtps/point2_d__type_support.cpp.o\x1b[0m\n'}
[6.457877] (yolo_msgs) StdoutLine: {'line': b'[ 46%] \x1b[32mBuilding CXX object CMakeFiles/yolo_msgs__rosidl_typesupport_fastrtps_cpp.dir/rosidl_typesupport_fastrtps_cpp/yolo_msgs/msg/detail/dds_fastrtps/vector2__type_support.cpp.o\x1b[0m\n'}
[6.483683] (yolo_msgs) StdoutLine: {'line': b'[ 47%] \x1b[32mBuilding CXX object CMakeFiles/yolo_msgs__rosidl_typesupport_introspection_cpp.dir/rosidl_typesupport_introspection_cpp/yolo_msgs/msg/detail/key_point3_d__type_support.cpp.o\x1b[0m\n'}
[6.524766] (usb_cam) StdoutLine: {'line': b'[ 42%] Built target usb_cam\n'}
[6.530723] (-) TimerEvent: {}
[6.531992] (yolo_msgs) StdoutLine: {'line': b'[ 47%] \x1b[32mBuilding C object CMakeFiles/yolo_msgs__rosidl_typesupport_introspection_c.dir/rosidl_typesupport_introspection_c/yolo_msgs/msg/detail/point2_d__type_support.c.o\x1b[0m\n'}
[6.542515] (yolo_msgs) StdoutLine: {'line': b'[ 47%] \x1b[32m\x1b[1mLinking CXX shared library libyolo_msgs__rosidl_typesupport_c.so\x1b[0m\n'}
[6.570410] (yolo_msgs) StdoutLine: {'line': b'[ 48%] \x1b[32mBuilding C object CMakeFiles/yolo_msgs__rosidl_typesupport_introspection_c.dir/rosidl_typesupport_introspection_c/yolo_msgs/msg/detail/vector2__type_support.c.o\x1b[0m\n'}
[6.600404] (usb_cam) StdoutLine: {'line': b'[ 50%] \x1b[32mBuilding CXX object CMakeFiles/usb_cam_node.dir/src/usb_cam_node.cpp.o\x1b[0m\n'}
[6.623436] (yolo_msgs) StdoutLine: {'line': b'[ 49%] \x1b[32m\x1b[1mLinking CXX shared library libyolo_msgs__rosidl_typesupport_cpp.so\x1b[0m\n'}
[6.634554] (-) TimerEvent: {}
[6.646537] (yolo_msgs) StdoutLine: {'line': b'[ 49%] \x1b[32mBuilding CXX object CMakeFiles/yolo_msgs__rosidl_typesupport_fastrtps_c.dir/rosidl_typesupport_fastrtps_c/yolo_msgs/msg/detail/point2_d__type_support_c.cpp.o\x1b[0m\n'}
[6.647070] (yolo_msgs) StdoutLine: {'line': b'[ 50%] \x1b[32mBuilding CXX object CMakeFiles/yolo_msgs__rosidl_typesupport_fastrtps_cpp.dir/rosidl_typesupport_fastrtps_cpp/yolo_msgs/msg/detail/dds_fastrtps/pose2_d__type_support.cpp.o\x1b[0m\n'}
[6.670188] (yolo_msgs) StdoutLine: {'line': b'[ 51%] \x1b[32mBuilding C object CMakeFiles/yolo_msgs__rosidl_typesupport_introspection_c.dir/rosidl_typesupport_introspection_c/yolo_msgs/msg/detail/pose2_d__type_support.c.o\x1b[0m\n'}
[6.734718] (-) TimerEvent: {}
[6.746594] (yolo_msgs) StdoutLine: {'line': b'[ 51%] Built target yolo_msgs__rosidl_typesupport_c\n'}
[6.797723] (yolo_msgs) StdoutLine: {'line': b'[ 52%] \x1b[32mBuilding CXX object CMakeFiles/yolo_msgs__rosidl_typesupport_introspection_cpp.dir/rosidl_typesupport_introspection_cpp/yolo_msgs/msg/detail/key_point3_d_array__type_support.cpp.o\x1b[0m\n'}
[6.832001] (yolo_msgs) StdoutLine: {'line': b'[ 53%] \x1b[32mBuilding C object CMakeFiles/yolo_msgs__rosidl_typesupport_introspection_c.dir/rosidl_typesupport_introspection_c/yolo_msgs/msg/detail/bounding_box2_d__type_support.c.o\x1b[0m\n'}
[6.838431] (-) TimerEvent: {}
[6.850890] (yolo_msgs) StdoutLine: {'line': b'[ 53%] Built target yolo_msgs__rosidl_typesupport_cpp\n'}
[6.895459] (yolo_msgs) StdoutLine: {'line': b'[ 53%] \x1b[32mBuilding C object CMakeFiles/yolo_msgs__rosidl_typesupport_introspection_c.dir/rosidl_typesupport_introspection_c/yolo_msgs/msg/detail/bounding_box3_d__type_support.c.o\x1b[0m\n'}
[6.938589] (-) TimerEvent: {}
[6.951012] (yolo_msgs) StdoutLine: {'line': b'[ 54%] \x1b[32mBuilding CXX object CMakeFiles/yolo_msgs__rosidl_typesupport_introspection_cpp.dir/rosidl_typesupport_introspection_cpp/yolo_msgs/msg/detail/detection_array__type_support.cpp.o\x1b[0m\n'}
[6.951905] (yolo_msgs) StdoutLine: {'line': b'[ 54%] \x1b[32mBuilding CXX object CMakeFiles/yolo_msgs__rosidl_typesupport_introspection_cpp.dir/rosidl_typesupport_introspection_cpp/yolo_msgs/msg/detail/detection__type_support.cpp.o\x1b[0m\n'}
[6.961254] (yolo_msgs) StdoutLine: {'line': b'[ 55%] \x1b[32mBuilding CXX object CMakeFiles/yolo_msgs__rosidl_typesupport_introspection_cpp.dir/rosidl_typesupport_introspection_cpp/yolo_msgs/srv/detail/set_classes__type_support.cpp.o\x1b[0m\n'}
[6.998476] (yolo_msgs) StdoutLine: {'line': b'[ 56%] \x1b[32mBuilding C object CMakeFiles/yolo_msgs__rosidl_typesupport_introspection_c.dir/rosidl_typesupport_introspection_c/yolo_msgs/msg/detail/mask__type_support.c.o\x1b[0m\n'}
[7.017919] (yolo_msgs) StdoutLine: {'line': b'[ 57%] \x1b[32mBuilding CXX object CMakeFiles/yolo_msgs__rosidl_typesupport_fastrtps_c.dir/rosidl_typesupport_fastrtps_c/yolo_msgs/msg/detail/vector2__type_support_c.cpp.o\x1b[0m\n'}
[7.018968] (yolo_msgs) StdoutLine: {'line': b'[ 58%] \x1b[32mBuilding CXX object CMakeFiles/yolo_msgs__rosidl_typesupport_fastrtps_cpp.dir/rosidl_typesupport_fastrtps_cpp/yolo_msgs/msg/detail/dds_fastrtps/bounding_box2_d__type_support.cpp.o\x1b[0m\n'}
[7.026519] (yolo_msgs) StdoutLine: {'line': b'[ 59%] \x1b[32mBuilding C object CMakeFiles/yolo_msgs__rosidl_typesupport_introspection_c.dir/rosidl_typesupport_introspection_c/yolo_msgs/msg/detail/key_point2_d__type_support.c.o\x1b[0m\n'}
[7.038731] (-) TimerEvent: {}
[7.137741] (yolo_msgs) StdoutLine: {'line': b'[ 60%] \x1b[32mBuilding C object CMakeFiles/yolo_msgs__rosidl_typesupport_introspection_c.dir/rosidl_typesupport_introspection_c/yolo_msgs/msg/detail/key_point2_d_array__type_support.c.o\x1b[0m\n'}
[7.138820] (-) TimerEvent: {}
[7.143755] (yolo_msgs) StdoutLine: {'line': b'[ 61%] \x1b[32mBuilding CXX object CMakeFiles/yolo_msgs__rosidl_typesupport_fastrtps_cpp.dir/rosidl_typesupport_fastrtps_cpp/yolo_msgs/msg/detail/dds_fastrtps/bounding_box3_d__type_support.cpp.o\x1b[0m\n'}
[7.150533] (yolo_msgs) StdoutLine: {'line': b'[ 62%] \x1b[32mBuilding C object CMakeFiles/yolo_msgs__rosidl_typesupport_introspection_c.dir/rosidl_typesupport_introspection_c/yolo_msgs/msg/detail/key_point3_d__type_support.c.o\x1b[0m\n'}
[7.163654] (yolo_msgs) StdoutLine: {'line': b'[ 62%] \x1b[32mBuilding C object CMakeFiles/yolo_msgs__rosidl_typesupport_introspection_c.dir/rosidl_typesupport_introspection_c/yolo_msgs/msg/detail/key_point3_d_array__type_support.c.o\x1b[0m\n'}
[7.183007] (yolo_msgs) StdoutLine: {'line': b'[ 62%] \x1b[32mBuilding CXX object CMakeFiles/yolo_msgs__rosidl_typesupport_fastrtps_cpp.dir/rosidl_typesupport_fastrtps_cpp/yolo_msgs/msg/detail/dds_fastrtps/mask__type_support.cpp.o\x1b[0m\n'}
[7.221393] (yolo_msgs) StdoutLine: {'line': b'[ 63%] \x1b[32mBuilding CXX object CMakeFiles/yolo_msgs__rosidl_typesupport_fastrtps_cpp.dir/rosidl_typesupport_fastrtps_cpp/yolo_msgs/msg/detail/dds_fastrtps/key_point2_d_array__type_support.cpp.o\x1b[0m\n'}
[7.234439] (yolo_msgs) StdoutLine: {'line': b'[ 64%] \x1b[32mBuilding CXX object CMakeFiles/yolo_msgs__rosidl_typesupport_fastrtps_cpp.dir/rosidl_typesupport_fastrtps_cpp/yolo_msgs/msg/detail/dds_fastrtps/key_point2_d__type_support.cpp.o\x1b[0m\n'}
[7.238985] (-) TimerEvent: {}
[7.248226] (yolo_msgs) StdoutLine: {'line': b'[ 65%] \x1b[32mBuilding C object CMakeFiles/yolo_msgs__rosidl_typesupport_introspection_c.dir/rosidl_typesupport_introspection_c/yolo_msgs/msg/detail/detection__type_support.c.o\x1b[0m\n'}
[7.254472] (yolo_msgs) StdoutLine: {'line': b'[ 66%] \x1b[32mBuilding C object CMakeFiles/yolo_msgs__rosidl_typesupport_introspection_c.dir/rosidl_typesupport_introspection_c/yolo_msgs/msg/detail/detection_array__type_support.c.o\x1b[0m\n'}
[7.296006] (yolo_msgs) StdoutLine: {'line': b'[ 67%] \x1b[32mBuilding C object CMakeFiles/yolo_msgs__rosidl_typesupport_introspection_c.dir/rosidl_typesupport_introspection_c/yolo_msgs/srv/detail/set_classes__type_support.c.o\x1b[0m\n'}
[7.296494] (yolo_msgs) StdoutLine: {'line': b'[ 68%] \x1b[32mBuilding CXX object CMakeFiles/yolo_msgs__rosidl_typesupport_fastrtps_c.dir/rosidl_typesupport_fastrtps_c/yolo_msgs/msg/detail/pose2_d__type_support_c.cpp.o\x1b[0m\n'}
[7.321980] (yolo_msgs) StdoutLine: {'line': b'[ 69%] \x1b[32mBuilding CXX object CMakeFiles/yolo_msgs__rosidl_typesupport_fastrtps_cpp.dir/rosidl_typesupport_fastrtps_cpp/yolo_msgs/msg/detail/dds_fastrtps/key_point3_d__type_support.cpp.o\x1b[0m\n'}
[7.339137] (-) TimerEvent: {}
[7.349693] (yolo_msgs) StdoutLine: {'line': b'[ 70%] \x1b[32mBuilding CXX object CMakeFiles/yolo_msgs__rosidl_typesupport_fastrtps_cpp.dir/rosidl_typesupport_fastrtps_cpp/yolo_msgs/msg/detail/dds_fastrtps/key_point3_d_array__type_support.cpp.o\x1b[0m\n'}
[7.351434] (yolo_msgs) StdoutLine: {'line': b'[ 71%] \x1b[32mBuilding CXX object CMakeFiles/yolo_msgs__rosidl_typesupport_fastrtps_c.dir/rosidl_typesupport_fastrtps_c/yolo_msgs/msg/detail/bounding_box2_d__type_support_c.cpp.o\x1b[0m\n'}
[7.402444] (yolo_msgs) StdoutLine: {'line': b'[ 71%] \x1b[32mBuilding CXX object CMakeFiles/yolo_msgs__rosidl_typesupport_fastrtps_c.dir/rosidl_typesupport_fastrtps_c/yolo_msgs/msg/detail/bounding_box3_d__type_support_c.cpp.o\x1b[0m\n'}
[7.407008] (yolo_msgs) StdoutLine: {'line': b'[ 71%] \x1b[32m\x1b[1mLinking C shared library libyolo_msgs__rosidl_typesupport_introspection_c.so\x1b[0m\n'}
[7.439347] (-) TimerEvent: {}
[7.540501] (-) TimerEvent: {}
[7.553476] (yolo_msgs) StdoutLine: {'line': b'[ 71%] Built target yolo_msgs__rosidl_typesupport_introspection_c\n'}
[7.579152] (yolo_msgs) StdoutLine: {'line': b'[ 71%] \x1b[32mBuilding CXX object CMakeFiles/yolo_msgs__rosidl_typesupport_fastrtps_cpp.dir/rosidl_typesupport_fastrtps_cpp/yolo_msgs/msg/detail/dds_fastrtps/detection__type_support.cpp.o\x1b[0m\n'}
[7.592742] (yolo_msgs) StdoutLine: {'line': b'[ 72%] \x1b[32mBuilding CXX object CMakeFiles/yolo_msgs__rosidl_typesupport_fastrtps_cpp.dir/rosidl_typesupport_fastrtps_cpp/yolo_msgs/msg/detail/dds_fastrtps/detection_array__type_support.cpp.o\x1b[0m\n'}
[7.642409] (-) TimerEvent: {}
[7.661241] (yolo_msgs) StdoutLine: {'line': b'[ 73%] \x1b[32mBuilding CXX object CMakeFiles/yolo_msgs__rosidl_typesupport_fastrtps_cpp.dir/rosidl_typesupport_fastrtps_cpp/yolo_msgs/srv/detail/dds_fastrtps/set_classes__type_support.cpp.o\x1b[0m\n'}
[7.714522] (yolo_msgs) StdoutLine: {'line': b'[ 74%] \x1b[32mBuilding CXX object CMakeFiles/yolo_msgs__rosidl_typesupport_fastrtps_c.dir/rosidl_typesupport_fastrtps_c/yolo_msgs/msg/detail/mask__type_support_c.cpp.o\x1b[0m\n'}
[7.742567] (-) TimerEvent: {}
[7.848441] (-) TimerEvent: {}
[7.876392] (yolo_msgs) StdoutLine: {'line': b'[ 75%] \x1b[32mBuilding CXX object CMakeFiles/yolo_msgs__rosidl_typesupport_fastrtps_c.dir/rosidl_typesupport_fastrtps_c/yolo_msgs/msg/detail/key_point2_d__type_support_c.cpp.o\x1b[0m\n'}
[7.876804] (yolo_msgs) StdoutLine: {'line': b'[ 76%] \x1b[32mBuilding CXX object CMakeFiles/yolo_msgs__rosidl_typesupport_fastrtps_c.dir/rosidl_typesupport_fastrtps_c/yolo_msgs/msg/detail/key_point2_d_array__type_support_c.cpp.o\x1b[0m\n'}
[7.942354] (yolo_msgs) StdoutLine: {'line': b'[ 77%] \x1b[32mBuilding CXX object CMakeFiles/yolo_msgs__rosidl_typesupport_fastrtps_c.dir/rosidl_typesupport_fastrtps_c/yolo_msgs/msg/detail/key_point3_d__type_support_c.cpp.o\x1b[0m\n'}
[7.948566] (-) TimerEvent: {}
[7.975767] (yolo_msgs) StdoutLine: {'line': b'[ 77%] \x1b[32mBuilding CXX object CMakeFiles/yolo_msgs__rosidl_typesupport_fastrtps_c.dir/rosidl_typesupport_fastrtps_c/yolo_msgs/msg/detail/key_point3_d_array__type_support_c.cpp.o\x1b[0m\n'}
[8.010832] (yolo_msgs) StdoutLine: {'line': b'[ 78%] \x1b[32mBuilding CXX object CMakeFiles/yolo_msgs__rosidl_typesupport_fastrtps_c.dir/rosidl_typesupport_fastrtps_c/yolo_msgs/msg/detail/detection__type_support_c.cpp.o\x1b[0m\n'}
[8.048696] (-) TimerEvent: {}
[8.054154] (yolo_msgs) StdoutLine: {'line': b'[ 79%] \x1b[32mBuilding CXX object CMakeFiles/yolo_msgs__rosidl_typesupport_fastrtps_c.dir/rosidl_typesupport_fastrtps_c/yolo_msgs/msg/detail/detection_array__type_support_c.cpp.o\x1b[0m\n'}
[8.076538] (yolo_msgs) StdoutLine: {'line': b'[ 80%] \x1b[32mBuilding CXX object CMakeFiles/yolo_msgs__rosidl_typesupport_fastrtps_c.dir/rosidl_typesupport_fastrtps_c/yolo_msgs/srv/detail/set_classes__type_support_c.cpp.o\x1b[0m\n'}
[8.102462] (yolo_msgs) StdoutLine: {'line': b'[ 81%] \x1b[32m\x1b[1mLinking CXX shared library libyolo_msgs__rosidl_typesupport_introspection_cpp.so\x1b[0m\n'}
[8.148844] (-) TimerEvent: {}
[8.249348] (-) TimerEvent: {}
[8.292516] (usb_cam) StdoutLine: {'line': b'[ 57%] \x1b[32m\x1b[1mLinking CXX static library libgtest.a\x1b[0m\n'}
[8.346413] (yolo_msgs) StdoutLine: {'line': b'[ 81%] Built target yolo_msgs__rosidl_typesupport_introspection_cpp\n'}
[8.349503] (-) TimerEvent: {}
[8.405689] (usb_cam) StdoutLine: {'line': b'[ 57%] Built target gtest\n'}
[8.444774] (usb_cam) StdoutLine: {'line': b'[ 64%] \x1b[32mBuilding CXX object CMakeFiles/test_usb_cam_utils.dir/test/test_usb_cam_utils.cpp.o\x1b[0m\n'}
[8.445500] (usb_cam) StdoutLine: {'line': b'[ 71%] \x1b[32mBuilding CXX object CMakeFiles/test_pixel_formats.dir/test/test_pixel_formats.cpp.o\x1b[0m\n'}
[8.449815] (-) TimerEvent: {}
[8.459986] (yolo_msgs) StdoutLine: {'line': b'[ 82%] \x1b[32m\x1b[1mLinking CXX shared library libyolo_msgs__rosidl_typesupport_fastrtps_cpp.so\x1b[0m\n'}
[8.549969] (-) TimerEvent: {}
[8.600044] (yolo_msgs) StdoutLine: {'line': b'[ 82%] Built target yolo_msgs__rosidl_typesupport_fastrtps_cpp\n'}
[8.634368] (yolo_msgs) StdoutLine: {'line': b'[ 82%] \x1b[32m\x1b[1mLinking CXX shared library libyolo_msgs__rosidl_typesupport_fastrtps_c.so\x1b[0m\n'}
[8.650124] (-) TimerEvent: {}
[8.749882] (yolo_msgs) StdoutLine: {'line': b'[ 82%] Built target yolo_msgs__rosidl_typesupport_fastrtps_c\n'}
[8.750150] (-) TimerEvent: {}
[8.778378] (yolo_msgs) StdoutLine: {'line': b'[ 82%] Built target yolo_msgs\n'}
[8.809092] (yolo_msgs) StdoutLine: {'line': b'[ 83%] \x1b[34m\x1b[1mGenerating Python code for ROS interfaces\x1b[0m\n'}
[8.850423] (-) TimerEvent: {}
[8.950995] (-) TimerEvent: {}
[8.976475] (usb_cam) StdoutLine: {'line': b'[ 78%] \x1b[32m\x1b[1mLinking CXX executable usb_cam_node_exe\x1b[0m\n'}
[9.051157] (-) TimerEvent: {}
[9.151643] (-) TimerEvent: {}
[9.252088] (-) TimerEvent: {}
[9.336949] (usb_cam) StdoutLine: {'line': b'[ 78%] Built target usb_cam_node_exe\n'}
[9.352243] (-) TimerEvent: {}
[9.452717] (-) TimerEvent: {}
[9.553220] (-) TimerEvent: {}
[9.653738] (-) TimerEvent: {}
[9.754348] (-) TimerEvent: {}
[9.854829] (-) TimerEvent: {}
[9.955427] (-) TimerEvent: {}
[9.998589] (usb_cam) StdoutLine: {'line': b'[ 85%] \x1b[32m\x1b[1mLinking CXX executable test_usb_cam_utils\x1b[0m\n'}
[10.055545] (-) TimerEvent: {}
[10.155994] (-) TimerEvent: {}
[10.256409] (-) TimerEvent: {}
[10.324064] (usb_cam) StdoutLine: {'line': b'[ 85%] Built target test_usb_cam_utils\n'}
[10.356470] (-) TimerEvent: {}
[10.360830] (usb_cam) StdoutLine: {'line': b'[ 92%] \x1b[32m\x1b[1mLinking CXX executable test_pixel_formats\x1b[0m\n'}
[10.456665] (-) TimerEvent: {}
[10.557186] (-) TimerEvent: {}
[10.654722] (usb_cam) StdoutLine: {'line': b'[ 92%] Built target test_pixel_formats\n'}
[10.657250] (-) TimerEvent: {}
[10.751496] (yolo_msgs) StdoutLine: {'line': b'[ 83%] Built target yolo_msgs__py\n'}
[10.757395] (-) TimerEvent: {}
[10.786715] (yolo_msgs) StdoutLine: {'line': b'[ 84%] \x1b[32mBuilding C object CMakeFiles/yolo_msgs__rosidl_generator_py.dir/rosidl_generator_py/yolo_msgs/msg/_key_point2_d_s.c.o\x1b[0m\n'}
[10.787082] (yolo_msgs) StdoutLine: {'line': b'[ 85%] \x1b[32mBuilding C object CMakeFiles/yolo_msgs__rosidl_generator_py.dir/rosidl_generator_py/yolo_msgs/msg/_bounding_box2_d_s.c.o\x1b[0m\n'}
[10.788450] (yolo_msgs) StdoutLine: {'line': b'[ 85%] \x1b[32mBuilding C object CMakeFiles/yolo_msgs__rosidl_generator_py.dir/rosidl_generator_py/yolo_msgs/msg/_vector2_s.c.o\x1b[0m\n'}
[10.789924] (yolo_msgs) StdoutLine: {'line': b'[ 86%] \x1b[32mBuilding C object CMakeFiles/yolo_msgs__rosidl_generator_py.dir/rosidl_generator_py/yolo_msgs/msg/_pose2_d_s.c.o\x1b[0m\n'}
[10.790208] (yolo_msgs) StdoutLine: {'line': b'[ 87%] \x1b[32mBuilding C object CMakeFiles/yolo_msgs__rosidl_generator_py.dir/rosidl_generator_py/yolo_msgs/msg/_bounding_box3_d_s.c.o\x1b[0m\n'}
[10.791113] (yolo_msgs) StdoutLine: {'line': b'[ 88%] \x1b[32mBuilding C object CMakeFiles/yolo_msgs__rosidl_generator_py.dir/rosidl_generator_py/yolo_msgs/msg/_key_point2_d_array_s.c.o\x1b[0m\n'}
[10.793905] (yolo_msgs) StdoutLine: {'line': b'[ 89%] \x1b[32mBuilding C object CMakeFiles/yolo_msgs__rosidl_generator_py.dir/rosidl_generator_py/yolo_msgs/msg/_key_point3_d_array_s.c.o\x1b[0m\n'}
[10.794223] (yolo_msgs) StdoutLine: {'line': b'[ 89%] \x1b[32mBuilding C object CMakeFiles/yolo_msgs__rosidl_generator_py.dir/rosidl_generator_py/yolo_msgs/msg/_mask_s.c.o\x1b[0m\n'}
[10.798138] (yolo_msgs) StdoutLine: {'line': b'[ 90%] \x1b[32mBuilding C object CMakeFiles/yolo_msgs__rosidl_generator_py.dir/rosidl_generator_py/yolo_msgs/msg/_key_point3_d_s.c.o\x1b[0m\n'}
[10.802068] (yolo_msgs) StdoutLine: {'line': b'[ 90%] \x1b[32mBuilding C object CMakeFiles/yolo_msgs__rosidl_generator_py.dir/rosidl_generator_py/yolo_msgs/msg/_detection_s.c.o\x1b[0m\n'}
[10.802788] (yolo_msgs) StdoutLine: {'line': b'[ 91%] \x1b[32mBuilding C object CMakeFiles/yolo_msgs__rosidl_generator_py.dir/rosidl_generator_py/yolo_msgs/msg/_point2_d_s.c.o\x1b[0m\n'}
[10.805912] (yolo_msgs) StdoutLine: {'line': b'[ 92%] \x1b[32mBuilding C object CMakeFiles/yolo_msgs__rosidl_generator_py.dir/rosidl_generator_py/yolo_msgs/msg/_detection_array_s.c.o\x1b[0m\n'}
[10.815606] (yolo_msgs) StdoutLine: {'line': b'[ 93%] \x1b[32mBuilding C object CMakeFiles/yolo_msgs__rosidl_generator_py.dir/rosidl_generator_py/yolo_msgs/srv/_set_classes_s.c.o\x1b[0m\n'}
[10.857544] (-) TimerEvent: {}
[10.957991] (-) TimerEvent: {}
[11.022043] (yolo_msgs) StdoutLine: {'line': b'[ 94%] \x1b[32m\x1b[1mLinking C shared library rosidl_generator_py/yolo_msgs/libyolo_msgs__rosidl_generator_py.so\x1b[0m\n'}
[11.058155] (-) TimerEvent: {}
[11.084883] (yolo_msgs) StdoutLine: {'line': b'[ 94%] Built target yolo_msgs__rosidl_generator_py\n'}
[11.111906] (yolo_msgs) StdoutLine: {'line': b'[ 96%] \x1b[32mBuilding C object CMakeFiles/yolo_msgs__rosidl_typesupport_introspection_c__pyext.dir/rosidl_generator_py/yolo_msgs/_yolo_msgs_s.ep.rosidl_typesupport_introspection_c.c.o\x1b[0m\n'}
[11.112220] (yolo_msgs) StdoutLine: {'line': b'[ 96%] \x1b[32mBuilding C object CMakeFiles/yolo_msgs__rosidl_typesupport_fastrtps_c__pyext.dir/rosidl_generator_py/yolo_msgs/_yolo_msgs_s.ep.rosidl_typesupport_fastrtps_c.c.o\x1b[0m\n'}
[11.112623] (yolo_msgs) StdoutLine: {'line': b'[ 97%] \x1b[32mBuilding C object CMakeFiles/yolo_msgs__rosidl_typesupport_c__pyext.dir/rosidl_generator_py/yolo_msgs/_yolo_msgs_s.ep.rosidl_typesupport_c.c.o\x1b[0m\n'}
[11.158436] (-) TimerEvent: {}
[11.258913] (-) TimerEvent: {}
[11.280631] (yolo_msgs) StdoutLine: {'line': b'[100%] \x1b[32m\x1b[1mLinking C shared library rosidl_generator_py/yolo_msgs/yolo_msgs_s__rosidl_typesupport_c.cpython-310-x86_64-linux-gnu.so\x1b[0m\n'}
[11.281129] (yolo_msgs) StdoutLine: {'line': b'[100%] \x1b[32m\x1b[1mLinking C shared library rosidl_generator_py/yolo_msgs/yolo_msgs_s__rosidl_typesupport_fastrtps_c.cpython-310-x86_64-linux-gnu.so\x1b[0m\n'}
[11.281223] (yolo_msgs) StdoutLine: {'line': b'[100%] \x1b[32m\x1b[1mLinking C shared library rosidl_generator_py/yolo_msgs/yolo_msgs_s__rosidl_typesupport_introspection_c.cpython-310-x86_64-linux-gnu.so\x1b[0m\n'}
[11.336141] (yolo_msgs) StdoutLine: {'line': b'[100%] Built target yolo_msgs__rosidl_typesupport_introspection_c__pyext\n'}
[11.336426] (yolo_msgs) StdoutLine: {'line': b'[100%] Built target yolo_msgs__rosidl_typesupport_c__pyext\n'}
[11.337102] (yolo_msgs) StdoutLine: {'line': b'[100%] Built target yolo_msgs__rosidl_typesupport_fastrtps_c__pyext\n'}
[11.354842] (yolo_msgs) CommandEnded: {'returncode': 0}
[11.355662] (yolo_msgs) JobProgress: {'identifier': 'yolo_msgs', 'progress': 'install'}
[11.359021] (-) TimerEvent: {}
[11.368788] (yolo_msgs) Command: {'cmd': ['/usr/bin/cmake', '--install', '/ros2_ws/build/yolo_msgs'], 'cwd': '/ros2_ws/build/yolo_msgs', 'env': OrderedDict([('HOSTNAME', 'docker-desktop'), ('SHLVL', '1'), ('LD_LIBRARY_PATH', '/opt/ros/humble/opt/rviz_ogre_vendor/lib:/opt/ros/humble/lib/x86_64-linux-gnu:/opt/ros/humble/lib'), ('HOME', '/root'), ('ROS_PYTHON_VERSION', '3'), ('ROS_DISTRO', 'humble'), ('_', '/usr/bin/colcon'), ('ROS_VERSION', '2'), ('TERM', 'xterm'), ('ROS_LOCALHOST_ONLY', '0'), ('PATH', '/opt/ros/humble/bin:/usr/local/sbin:/usr/local/bin:/usr/sbin:/usr/bin:/sbin:/bin'), ('LANG', 'C.UTF-8'), ('LS_COLORS', 'rs=0:di=01;34:ln=01;36:mh=00:pi=40;33:so=01;35:do=01;35:bd=40;33;01:cd=40;33;01:or=40;31;01:mi=00:su=37;41:sg=30;43:ca=30;41:tw=30;42:ow=34;42:st=37;44:ex=01;32:*.tar=01;31:*.tgz=01;31:*.arc=01;31:*.arj=01;31:*.taz=01;31:*.lha=01;31:*.lz4=01;31:*.lzh=01;31:*.lzma=01;31:*.tlz=01;31:*.txz=01;31:*.tzo=01;31:*.t7z=01;31:*.zip=01;31:*.z=01;31:*.dz=01;31:*.gz=01;31:*.lrz=01;31:*.lz=01;31:*.lzo=01;31:*.xz=01;31:*.zst=01;31:*.tzst=01;31:*.bz2=01;31:*.bz=01;31:*.tbz=01;31:*.tbz2=01;31:*.tz=01;31:*.deb=01;31:*.rpm=01;31:*.jar=01;31:*.war=01;31:*.ear=01;31:*.sar=01;31:*.rar=01;31:*.alz=01;31:*.ace=01;31:*.zoo=01;31:*.cpio=01;31:*.7z=01;31:*.rz=01;31:*.cab=01;31:*.wim=01;31:*.swm=01;31:*.dwm=01;31:*.esd=01;31:*.jpg=01;35:*.jpeg=01;35:*.mjpg=01;35:*.mjpeg=01;35:*.gif=01;35:*.bmp=01;35:*.pbm=01;35:*.pgm=01;35:*.ppm=01;35:*.tga=01;35:*.xbm=01;35:*.xpm=01;35:*.tif=01;35:*.tiff=01;35:*.png=01;35:*.svg=01;35:*.svgz=01;35:*.mng=01;35:*.pcx=01;35:*.mov=01;35:*.mpg=01;35:*.mpeg=01;35:*.m2v=01;35:*.mkv=01;35:*.webm=01;35:*.webp=01;35:*.ogm=01;35:*.mp4=01;35:*.m4v=01;35:*.mp4v=01;35:*.vob=01;35:*.qt=01;35:*.nuv=01;35:*.wmv=01;35:*.asf=01;35:*.rm=01;35:*.rmvb=01;35:*.flc=01;35:*.avi=01;35:*.fli=01;35:*.flv=01;35:*.gl=01;35:*.dl=01;35:*.xcf=01;35:*.xwd=01;35:*.yuv=01;35:*.cgm=01;35:*.emf=01;35:*.ogv=01;35:*.ogx=01;35:*.aac=00;36:*.au=00;36:*.flac=00;36:*.m4a=00;36:*.mid=00;36:*.midi=00;36:*.mka=00;36:*.mp3=00;36:*.mpc=00;36:*.ogg=00;36:*.ra=00;36:*.wav=00;36:*.oga=00;36:*.opus=00;36:*.spx=00;36:*.xspf=00;36:'), ('AMENT_PREFIX_PATH', '/opt/ros/humble'), ('PWD', '/ros2_ws/build/yolo_msgs'), ('LC_ALL', 'C.UTF-8'), ('PYTHONPATH', '/opt/ros/humble/lib/python3.10/site-packages:/opt/ros/humble/local/lib/python3.10/dist-packages'), ('COLCON', '1'), ('CMAKE_PREFIX_PATH', '/opt/ros/humble')]), 'shell': False}
[11.379221] (yolo_msgs) StdoutLine: {'line': b'-- Install configuration: ""\n'}
[11.381456] (yolo_msgs) StdoutLine: {'line': b'-- Installing: /ros2_ws/install/yolo_msgs/share/ament_index/resource_index/rosidl_interfaces/yolo_msgs\n'}
[11.381851] (yolo_msgs) StdoutLine: {'line': b'-- Installing: /ros2_ws/install/yolo_msgs/include/yolo_msgs/yolo_msgs\n'}
[11.383226] (yolo_msgs) StdoutLine: {'line': b'-- Installing: /ros2_ws/install/yolo_msgs/include/yolo_msgs/yolo_msgs/srv\n'}
[11.383635] (yolo_msgs) StdoutLine: {'line': b'-- Installing: /ros2_ws/install/yolo_msgs/include/yolo_msgs/yolo_msgs/srv/detail\n'}
[11.384046] (yolo_msgs) StdoutLine: {'line': b'-- Installing: /ros2_ws/install/yolo_msgs/include/yolo_msgs/yolo_msgs/srv/detail/set_classes__functions.c\n'}
[11.384252] (yolo_msgs) StdoutLine: {'line': b'-- Installing: /ros2_ws/install/yolo_msgs/include/yolo_msgs/yolo_msgs/srv/detail/set_classes__type_support.h\n'}
[11.384412] (yolo_msgs) StdoutLine: {'line': b'-- Installing: /ros2_ws/install/yolo_msgs/include/yolo_msgs/yolo_msgs/srv/detail/set_classes__functions.h\n'}
[11.384633] (yolo_msgs) StdoutLine: {'line': b'-- Installing: /ros2_ws/install/yolo_msgs/include/yolo_msgs/yolo_msgs/srv/detail/set_classes__struct.h\n'}
[11.384852] (yolo_msgs) StdoutLine: {'line': b'-- Installing: /ros2_ws/install/yolo_msgs/include/yolo_msgs/yolo_msgs/srv/set_classes.h\n'}
[11.384995] (yolo_msgs) StdoutLine: {'line': b'-- Installing: /ros2_ws/install/yolo_msgs/include/yolo_msgs/yolo_msgs/msg\n'}
[11.385409] (yolo_msgs) StdoutLine: {'line': b'-- Installing: /ros2_ws/install/yolo_msgs/include/yolo_msgs/yolo_msgs/msg/key_point2_d.h\n'}
[11.385572] (yolo_msgs) StdoutLine: {'line': b'-- Installing: /ros2_ws/install/yolo_msgs/include/yolo_msgs/yolo_msgs/msg/detection_array.h\n'}
[11.385729] (yolo_msgs) StdoutLine: {'line': b'-- Installing: /ros2_ws/install/yolo_msgs/include/yolo_msgs/yolo_msgs/msg/rosidl_generator_c__visibility_control.h\n'}
[11.385884] (yolo_msgs) StdoutLine: {'line': b'-- Installing: /ros2_ws/install/yolo_msgs/include/yolo_msgs/yolo_msgs/msg/bounding_box3_d.h\n'}
[11.386039] (yolo_msgs) StdoutLine: {'line': b'-- Installing: /ros2_ws/install/yolo_msgs/include/yolo_msgs/yolo_msgs/msg/bounding_box2_d.h\n'}
[11.386186] (yolo_msgs) StdoutLine: {'line': b'-- Installing: /ros2_ws/install/yolo_msgs/include/yolo_msgs/yolo_msgs/msg/key_point2_d_array.h\n'}
[11.386414] (yolo_msgs) StdoutLine: {'line': b'-- Installing: /ros2_ws/install/yolo_msgs/include/yolo_msgs/yolo_msgs/msg/detail\n'}
[11.386942] (yolo_msgs) StdoutLine: {'line': b'-- Installing: /ros2_ws/install/yolo_msgs/include/yolo_msgs/yolo_msgs/msg/detail/pose2_d__functions.h\n'}
[11.387135] (yolo_msgs) StdoutLine: {'line': b'-- Installing: /ros2_ws/install/yolo_msgs/include/yolo_msgs/yolo_msgs/msg/detail/bounding_box2_d__struct.h\n'}
[11.387305] (yolo_msgs) StdoutLine: {'line': b'-- Installing: /ros2_ws/install/yolo_msgs/include/yolo_msgs/yolo_msgs/msg/detail/bounding_box3_d__functions.c\n'}
[11.387470] (yolo_msgs) StdoutLine: {'line': b'-- Installing: /ros2_ws/install/yolo_msgs/include/yolo_msgs/yolo_msgs/msg/detail/detection__functions.c\n'}
[11.387636] (yolo_msgs) StdoutLine: {'line': b'-- Installing: /ros2_ws/install/yolo_msgs/include/yolo_msgs/yolo_msgs/msg/detail/key_point2_d_array__functions.c\n'}
[11.387787] (yolo_msgs) StdoutLine: {'line': b'-- Installing: /ros2_ws/install/yolo_msgs/include/yolo_msgs/yolo_msgs/msg/detail/pose2_d__type_support.h\n'}
[11.387944] (yolo_msgs) StdoutLine: {'line': b'-- Installing: /ros2_ws/install/yolo_msgs/include/yolo_msgs/yolo_msgs/msg/detail/bounding_box2_d__type_support.h\n'}
[11.388090] (yolo_msgs) StdoutLine: {'line': b'-- Installing: /ros2_ws/install/yolo_msgs/include/yolo_msgs/yolo_msgs/msg/detail/point2_d__type_support.h\n'}
[11.388257] (yolo_msgs) StdoutLine: {'line': b'-- Installing: /ros2_ws/install/yolo_msgs/include/yolo_msgs/yolo_msgs/msg/detail/vector2__struct.h\n'}
[11.388422] (yolo_msgs) StdoutLine: {'line': b'-- Installing: /ros2_ws/install/yolo_msgs/include/yolo_msgs/yolo_msgs/msg/detail/detection__type_support.h\n'}
[11.388573] (yolo_msgs) StdoutLine: {'line': b'-- Installing: /ros2_ws/install/yolo_msgs/include/yolo_msgs/yolo_msgs/msg/detail/bounding_box2_d__functions.h\n'}
[11.388733] (yolo_msgs) StdoutLine: {'line': b'-- Installing: /ros2_ws/install/yolo_msgs/include/yolo_msgs/yolo_msgs/msg/detail/key_point3_d__functions.h\n'}
[11.388943] (yolo_msgs) StdoutLine: {'line': b'-- Installing: /ros2_ws/install/yolo_msgs/include/yolo_msgs/yolo_msgs/msg/detail/key_point2_d_array__functions.h\n'}
[11.389111] (yolo_msgs) StdoutLine: {'line': b'-- Installing: /ros2_ws/install/yolo_msgs/include/yolo_msgs/yolo_msgs/msg/detail/bounding_box3_d__functions.h\n'}
[11.389288] (yolo_msgs) StdoutLine: {'line': b'-- Installing: /ros2_ws/install/yolo_msgs/include/yolo_msgs/yolo_msgs/msg/detail/detection_array__functions.c\n'}
[11.389464] (yolo_msgs) StdoutLine: {'line': b'-- Installing: /ros2_ws/install/yolo_msgs/include/yolo_msgs/yolo_msgs/msg/detail/bounding_box3_d__struct.h\n'}
[11.389780] (yolo_msgs) StdoutLine: {'line': b'-- Installing: /ros2_ws/install/yolo_msgs/include/yolo_msgs/yolo_msgs/msg/detail/key_point3_d_array__functions.c\n'}
[11.389947] (yolo_msgs) StdoutLine: {'line': b'-- Installing: /ros2_ws/install/yolo_msgs/include/yolo_msgs/yolo_msgs/msg/detail/key_point3_d__struct.h\n'}
[11.390107] (yolo_msgs) StdoutLine: {'line': b'-- Installing: /ros2_ws/install/yolo_msgs/include/yolo_msgs/yolo_msgs/msg/detail/key_point2_d__functions.c\n'}
[11.390327] (yolo_msgs) StdoutLine: {'line': b'-- Installing: /ros2_ws/install/yolo_msgs/include/yolo_msgs/yolo_msgs/msg/detail/key_point2_d__functions.h\n'}
[11.390569] (yolo_msgs) StdoutLine: {'line': b'-- Installing: /ros2_ws/install/yolo_msgs/include/yolo_msgs/yolo_msgs/msg/detail/mask__type_support.h\n'}
[11.390767] (yolo_msgs) StdoutLine: {'line': b'-- Installing: /ros2_ws/install/yolo_msgs/include/yolo_msgs/yolo_msgs/msg/detail/vector2__functions.h\n'}
[11.390954] (yolo_msgs) StdoutLine: {'line': b'-- Installing: /ros2_ws/install/yolo_msgs/include/yolo_msgs/yolo_msgs/msg/detail/vector2__type_support.h\n'}
[11.391139] (yolo_msgs) StdoutLine: {'line': b'-- Installing: /ros2_ws/install/yolo_msgs/include/yolo_msgs/yolo_msgs/msg/detail/detection_array__functions.h\n'}
[11.391323] (yolo_msgs) StdoutLine: {'line': b'-- Installing: /ros2_ws/install/yolo_msgs/include/yolo_msgs/yolo_msgs/msg/detail/point2_d__functions.c\n'}
[11.391610] (yolo_msgs) StdoutLine: {'line': b'-- Installing: /ros2_ws/install/yolo_msgs/include/yolo_msgs/yolo_msgs/msg/detail/bounding_box2_d__functions.c\n'}
[11.391768] (yolo_msgs) StdoutLine: {'line': b'-- Installing: /ros2_ws/install/yolo_msgs/include/yolo_msgs/yolo_msgs/msg/detail/detection_array__struct.h\n'}
[11.391825] (yolo_msgs) StdoutLine: {'line': b'-- Installing: /ros2_ws/install/yolo_msgs/include/yolo_msgs/yolo_msgs/msg/detail/detection_array__type_support.h\n'}
[11.391995] (yolo_msgs) StdoutLine: {'line': b'-- Installing: /ros2_ws/install/yolo_msgs/include/yolo_msgs/yolo_msgs/msg/detail/pose2_d__struct.h\n'}
[11.392097] (yolo_msgs) StdoutLine: {'line': b'-- Installing: /ros2_ws/install/yolo_msgs/include/yolo_msgs/yolo_msgs/msg/detail/key_point2_d_array__struct.h\n'}
[11.392318] (yolo_msgs) StdoutLine: {'line': b'-- Installing: /ros2_ws/install/yolo_msgs/include/yolo_msgs/yolo_msgs/msg/detail/mask__functions.c\n'}
[11.392485] (yolo_msgs) StdoutLine: {'line': b'-- Installing: /ros2_ws/install/yolo_msgs/include/yolo_msgs/yolo_msgs/msg/detail/point2_d__struct.h\n'}
[11.392632] (yolo_msgs) StdoutLine: {'line': b'-- Installing: /ros2_ws/install/yolo_msgs/include/yolo_msgs/yolo_msgs/msg/detail/key_point3_d_array__functions.h\n'}
[11.392808] (yolo_msgs) StdoutLine: {'line': b'-- Installing: /ros2_ws/install/yolo_msgs/include/yolo_msgs/yolo_msgs/msg/detail/mask__functions.h\n'}
[11.392980] (yolo_msgs) StdoutLine: {'line': b'-- Installing: /ros2_ws/install/yolo_msgs/include/yolo_msgs/yolo_msgs/msg/detail/detection__struct.h\n'}
[11.393148] (yolo_msgs) StdoutLine: {'line': b'-- Installing: /ros2_ws/install/yolo_msgs/include/yolo_msgs/yolo_msgs/msg/detail/key_point3_d__type_support.h\n'}
[11.393311] (yolo_msgs) StdoutLine: {'line': b'-- Installing: /ros2_ws/install/yolo_msgs/include/yolo_msgs/yolo_msgs/msg/detail/point2_d__functions.h\n'}
[11.393484] (yolo_msgs) StdoutLine: {'line': b'-- Installing: /ros2_ws/install/yolo_msgs/include/yolo_msgs/yolo_msgs/msg/detail/key_point2_d_array__type_support.h\n'}
[11.393654] (yolo_msgs) StdoutLine: {'line': b'-- Installing: /ros2_ws/install/yolo_msgs/include/yolo_msgs/yolo_msgs/msg/detail/bounding_box3_d__type_support.h\n'}
[11.393807] (yolo_msgs) StdoutLine: {'line': b'-- Installing: /ros2_ws/install/yolo_msgs/include/yolo_msgs/yolo_msgs/msg/detail/key_point3_d_array__type_support.h\n'}
[11.393967] (yolo_msgs) StdoutLine: {'line': b'-- Installing: /ros2_ws/install/yolo_msgs/include/yolo_msgs/yolo_msgs/msg/detail/key_point3_d_array__struct.h\n'}
[11.394129] (yolo_msgs) StdoutLine: {'line': b'-- Installing: /ros2_ws/install/yolo_msgs/include/yolo_msgs/yolo_msgs/msg/detail/vector2__functions.c\n'}
[11.394360] (yolo_msgs) StdoutLine: {'line': b'-- Installing: /ros2_ws/install/yolo_msgs/include/yolo_msgs/yolo_msgs/msg/detail/detection__functions.h\n'}
[11.394555] (yolo_msgs) StdoutLine: {'line': b'-- Installing: /ros2_ws/install/yolo_msgs/include/yolo_msgs/yolo_msgs/msg/detail/pose2_d__functions.c\n'}
[11.395021] (yolo_msgs) StdoutLine: {'line': b'-- Installing: /ros2_ws/install/yolo_msgs/include/yolo_msgs/yolo_msgs/msg/detail/mask__struct.h\n'}
[11.395231] (yolo_msgs) StdoutLine: {'line': b'-- Installing: /ros2_ws/install/yolo_msgs/include/yolo_msgs/yolo_msgs/msg/detail/key_point3_d__functions.c\n'}
[11.395414] (yolo_msgs) StdoutLine: {'line': b'-- Installing: /ros2_ws/install/yolo_msgs/include/yolo_msgs/yolo_msgs/msg/detail/key_point2_d__type_support.h\n'}
[11.395674] (yolo_msgs) StdoutLine: {'line': b'-- Installing: /ros2_ws/install/yolo_msgs/include/yolo_msgs/yolo_msgs/msg/detail/key_point2_d__struct.h\n'}
[11.395988] (yolo_msgs) StdoutLine: {'line': b'-- Installing: /ros2_ws/install/yolo_msgs/include/yolo_msgs/yolo_msgs/msg/detection.h\n'}
[11.396233] (yolo_msgs) StdoutLine: {'line': b'-- Installing: /ros2_ws/install/yolo_msgs/include/yolo_msgs/yolo_msgs/msg/mask.h\n'}
[11.396471] (yolo_msgs) StdoutLine: {'line': b'-- Installing: /ros2_ws/install/yolo_msgs/include/yolo_msgs/yolo_msgs/msg/point2_d.h\n'}
[11.396742] (yolo_msgs) StdoutLine: {'line': b'-- Installing: /ros2_ws/install/yolo_msgs/include/yolo_msgs/yolo_msgs/msg/vector2.h\n'}
[11.397077] (yolo_msgs) StdoutLine: {'line': b'-- Installing: /ros2_ws/install/yolo_msgs/include/yolo_msgs/yolo_msgs/msg/key_point3_d.h\n'}
[11.397328] (yolo_msgs) StdoutLine: {'line': b'-- Installing: /ros2_ws/install/yolo_msgs/include/yolo_msgs/yolo_msgs/msg/pose2_d.h\n'}
[11.397585] (yolo_msgs) StdoutLine: {'line': b'-- Installing: /ros2_ws/install/yolo_msgs/include/yolo_msgs/yolo_msgs/msg/key_point3_d_array.h\n'}
[11.399115] (yolo_msgs) StdoutLine: {'line': b'-- Installing: /ros2_ws/install/yolo_msgs/share/yolo_msgs/environment/library_path.sh\n'}
[11.399369] (yolo_msgs) StdoutLine: {'line': b'-- Installing: /ros2_ws/install/yolo_msgs/share/yolo_msgs/environment/library_path.dsv\n'}
[11.400158] (yolo_msgs) StdoutLine: {'line': b'-- Installing: /ros2_ws/install/yolo_msgs/lib/libyolo_msgs__rosidl_generator_c.so\n'}
[11.400736] (yolo_msgs) StdoutLine: {'line': b'-- Set runtime path of "/ros2_ws/install/yolo_msgs/lib/libyolo_msgs__rosidl_generator_c.so" to ""\n'}
[11.401000] (yolo_msgs) StdoutLine: {'line': b'-- Up-to-date: /ros2_ws/install/yolo_msgs/include/yolo_msgs/yolo_msgs\n'}
[11.401192] (yolo_msgs) StdoutLine: {'line': b'-- Up-to-date: /ros2_ws/install/yolo_msgs/include/yolo_msgs/yolo_msgs/srv\n'}
[11.401299] (yolo_msgs) StdoutLine: {'line': b'-- Up-to-date: /ros2_ws/install/yolo_msgs/include/yolo_msgs/yolo_msgs/srv/detail\n'}
[11.401404] (yolo_msgs) StdoutLine: {'line': b'-- Installing: /ros2_ws/install/yolo_msgs/include/yolo_msgs/yolo_msgs/srv/detail/set_classes__rosidl_typesupport_fastrtps_c.h\n'}
[11.401463] (yolo_msgs) StdoutLine: {'line': b'-- Up-to-date: /ros2_ws/install/yolo_msgs/include/yolo_msgs/yolo_msgs/msg\n'}
[11.401510] (yolo_msgs) StdoutLine: {'line': b'-- Up-to-date: /ros2_ws/install/yolo_msgs/include/yolo_msgs/yolo_msgs/msg/detail\n'}
[11.401599] (yolo_msgs) StdoutLine: {'line': b'-- Installing: /ros2_ws/install/yolo_msgs/include/yolo_msgs/yolo_msgs/msg/detail/point2_d__rosidl_typesupport_fastrtps_c.h\n'}
[11.401651] (yolo_msgs) StdoutLine: {'line': b'-- Installing: /ros2_ws/install/yolo_msgs/include/yolo_msgs/yolo_msgs/msg/detail/key_point3_d__rosidl_typesupport_fastrtps_c.h\n'}
[11.401695] (yolo_msgs) StdoutLine: {'line': b'-- Installing: /ros2_ws/install/yolo_msgs/include/yolo_msgs/yolo_msgs/msg/detail/detection_array__rosidl_typesupport_fastrtps_c.h\n'}
[11.401842] (yolo_msgs) StdoutLine: {'line': b'-- Installing: /ros2_ws/install/yolo_msgs/include/yolo_msgs/yolo_msgs/msg/detail/mask__rosidl_typesupport_fastrtps_c.h\n'}
[11.401989] (yolo_msgs) StdoutLine: {'line': b'-- Installing: /ros2_ws/install/yolo_msgs/include/yolo_msgs/yolo_msgs/msg/detail/detection__rosidl_typesupport_fastrtps_c.h\n'}
[11.402152] (yolo_msgs) StdoutLine: {'line': b'-- Installing: /ros2_ws/install/yolo_msgs/include/yolo_msgs/yolo_msgs/msg/detail/key_point2_d__rosidl_typesupport_fastrtps_c.h\n'}
[11.402507] (yolo_msgs) StdoutLine: {'line': b'-- Installing: /ros2_ws/install/yolo_msgs/include/yolo_msgs/yolo_msgs/msg/detail/key_point3_d_array__rosidl_typesupport_fastrtps_c.h\n'}
[11.402853] (yolo_msgs) StdoutLine: {'line': b'-- Installing: /ros2_ws/install/yolo_msgs/include/yolo_msgs/yolo_msgs/msg/detail/vector2__rosidl_typesupport_fastrtps_c.h\n'}
[11.403027] (yolo_msgs) StdoutLine: {'line': b'-- Installing: /ros2_ws/install/yolo_msgs/include/yolo_msgs/yolo_msgs/msg/detail/key_point2_d_array__rosidl_typesupport_fastrtps_c.h\n'}
[11.403302] (yolo_msgs) StdoutLine: {'line': b'-- Installing: /ros2_ws/install/yolo_msgs/include/yolo_msgs/yolo_msgs/msg/detail/bounding_box3_d__rosidl_typesupport_fastrtps_c.h\n'}
[11.403540] (yolo_msgs) StdoutLine: {'line': b'-- Installing: /ros2_ws/install/yolo_msgs/include/yolo_msgs/yolo_msgs/msg/detail/bounding_box2_d__rosidl_typesupport_fastrtps_c.h\n'}
[11.403844] (yolo_msgs) StdoutLine: {'line': b'-- Installing: /ros2_ws/install/yolo_msgs/include/yolo_msgs/yolo_msgs/msg/detail/pose2_d__rosidl_typesupport_fastrtps_c.h\n'}
[11.404013] (yolo_msgs) StdoutLine: {'line': b'-- Installing: /ros2_ws/install/yolo_msgs/include/yolo_msgs/yolo_msgs/msg/rosidl_typesupport_fastrtps_c__visibility_control.h\n'}
[11.404221] (yolo_msgs) StdoutLine: {'line': b'-- Installing: /ros2_ws/install/yolo_msgs/lib/libyolo_msgs__rosidl_typesupport_fastrtps_c.so\n'}
[11.404713] (yolo_msgs) StdoutLine: {'line': b'-- Set runtime path of "/ros2_ws/install/yolo_msgs/lib/libyolo_msgs__rosidl_typesupport_fastrtps_c.so" to ""\n'}
[11.404995] (yolo_msgs) StdoutLine: {'line': b'-- Up-to-date: /ros2_ws/install/yolo_msgs/include/yolo_msgs/yolo_msgs\n'}
[11.405099] (yolo_msgs) StdoutLine: {'line': b'-- Up-to-date: /ros2_ws/install/yolo_msgs/include/yolo_msgs/yolo_msgs/srv\n'}
[11.405293] (yolo_msgs) StdoutLine: {'line': b'-- Up-to-date: /ros2_ws/install/yolo_msgs/include/yolo_msgs/yolo_msgs/srv/detail\n'}
[11.405571] (yolo_msgs) StdoutLine: {'line': b'-- Installing: /ros2_ws/install/yolo_msgs/include/yolo_msgs/yolo_msgs/srv/detail/set_classes__type_support.c\n'}
[11.405690] (yolo_msgs) StdoutLine: {'line': b'-- Installing: /ros2_ws/install/yolo_msgs/include/yolo_msgs/yolo_msgs/srv/detail/set_classes__rosidl_typesupport_introspection_c.h\n'}
[11.405945] (yolo_msgs) StdoutLine: {'line': b'-- Up-to-date: /ros2_ws/install/yolo_msgs/include/yolo_msgs/yolo_msgs/msg\n'}
[11.406064] (yolo_msgs) StdoutLine: {'line': b'-- Up-to-date: /ros2_ws/install/yolo_msgs/include/yolo_msgs/yolo_msgs/msg/detail\n'}
[11.406171] (yolo_msgs) StdoutLine: {'line': b'-- Installing: /ros2_ws/install/yolo_msgs/include/yolo_msgs/yolo_msgs/msg/detail/key_point2_d__type_support.c\n'}
[11.406388] (yolo_msgs) StdoutLine: {'line': b'-- Installing: /ros2_ws/install/yolo_msgs/include/yolo_msgs/yolo_msgs/msg/detail/detection__rosidl_typesupport_introspection_c.h\n'}
[11.406466] (yolo_msgs) StdoutLine: {'line': b'-- Installing: /ros2_ws/install/yolo_msgs/include/yolo_msgs/yolo_msgs/msg/detail/key_point2_d_array__type_support.c\n'}
[11.406583] (yolo_msgs) StdoutLine: {'line': b'-- Installing: /ros2_ws/install/yolo_msgs/include/yolo_msgs/yolo_msgs/msg/detail/key_point3_d_array__rosidl_typesupport_introspection_c.h\n'}
[11.406743] (yolo_msgs) StdoutLine: {'line': b'-- Installing: /ros2_ws/install/yolo_msgs/include/yolo_msgs/yolo_msgs/msg/detail/mask__type_support.c\n'}
[11.406813] (yolo_msgs) StdoutLine: {'line': b'-- Installing: /ros2_ws/install/yolo_msgs/include/yolo_msgs/yolo_msgs/msg/detail/detection__type_support.c\n'}
[11.406928] (yolo_msgs) StdoutLine: {'line': b'-- Installing: /ros2_ws/install/yolo_msgs/include/yolo_msgs/yolo_msgs/msg/detail/point2_d__type_support.c\n'}
[11.406986] (yolo_msgs) StdoutLine: {'line': b'-- Installing: /ros2_ws/install/yolo_msgs/include/yolo_msgs/yolo_msgs/msg/detail/key_point3_d__rosidl_typesupport_introspection_c.h\n'}
[11.407094] (yolo_msgs) StdoutLine: {'line': b'-- Installing: /ros2_ws/install/yolo_msgs/include/yolo_msgs/yolo_msgs/msg/detail/key_point2_d__rosidl_typesupport_introspection_c.h\n'}
[11.407390] (yolo_msgs) StdoutLine: {'line': b'-- Installing: /ros2_ws/install/yolo_msgs/include/yolo_msgs/yolo_msgs/msg/detail/bounding_box3_d__rosidl_typesupport_introspection_c.h\n'}
[11.407592] (yolo_msgs) StdoutLine: {'line': b'-- Installing: /ros2_ws/install/yolo_msgs/include/yolo_msgs/yolo_msgs/msg/detail/detection_array__rosidl_typesupport_introspection_c.h\n'}
[11.407803] (yolo_msgs) StdoutLine: {'line': b'-- Installing: /ros2_ws/install/yolo_msgs/include/yolo_msgs/yolo_msgs/msg/detail/bounding_box2_d__rosidl_typesupport_introspection_c.h\n'}
[11.407969] (yolo_msgs) StdoutLine: {'line': b'-- Installing: /ros2_ws/install/yolo_msgs/include/yolo_msgs/yolo_msgs/msg/detail/vector2__rosidl_typesupport_introspection_c.h\n'}
[11.408166] (yolo_msgs) StdoutLine: {'line': b'-- Installing: /ros2_ws/install/yolo_msgs/include/yolo_msgs/yolo_msgs/msg/detail/key_point3_d_array__type_support.c\n'}
[11.408335] (yolo_msgs) StdoutLine: {'line': b'-- Installing: /ros2_ws/install/yolo_msgs/include/yolo_msgs/yolo_msgs/msg/detail/pose2_d__type_support.c\n'}
[11.408496] (yolo_msgs) StdoutLine: {'line': b'-- Installing: /ros2_ws/install/yolo_msgs/include/yolo_msgs/yolo_msgs/msg/detail/bounding_box2_d__type_support.c\n'}
[11.408664] (yolo_msgs) StdoutLine: {'line': b'-- Installing: /ros2_ws/install/yolo_msgs/include/yolo_msgs/yolo_msgs/msg/detail/key_point3_d__type_support.c\n'}
[11.408832] (yolo_msgs) StdoutLine: {'line': b'-- Installing: /ros2_ws/install/yolo_msgs/include/yolo_msgs/yolo_msgs/msg/detail/detection_array__type_support.c\n'}
[11.409012] (yolo_msgs) StdoutLine: {'line': b'-- Installing: /ros2_ws/install/yolo_msgs/include/yolo_msgs/yolo_msgs/msg/detail/key_point2_d_array__rosidl_typesupport_introspection_c.h\n'}
[11.409210] (yolo_msgs) StdoutLine: {'line': b'-- Installing: /ros2_ws/install/yolo_msgs/include/yolo_msgs/yolo_msgs/msg/detail/bounding_box3_d__type_support.c\n'}
[11.409376] (yolo_msgs) StdoutLine: {'line': b'-- Installing: /ros2_ws/install/yolo_msgs/include/yolo_msgs/yolo_msgs/msg/detail/mask__rosidl_typesupport_introspection_c.h\n'}
[11.409530] (yolo_msgs) StdoutLine: {'line': b'-- Installing: /ros2_ws/install/yolo_msgs/include/yolo_msgs/yolo_msgs/msg/detail/pose2_d__rosidl_typesupport_introspection_c.h\n'}
[11.409723] (yolo_msgs) StdoutLine: {'line': b'-- Installing: /ros2_ws/install/yolo_msgs/include/yolo_msgs/yolo_msgs/msg/detail/point2_d__rosidl_typesupport_introspection_c.h\n'}
[11.410036] (yolo_msgs) StdoutLine: {'line': b'-- Installing: /ros2_ws/install/yolo_msgs/include/yolo_msgs/yolo_msgs/msg/detail/vector2__type_support.c\n'}
[11.410278] (yolo_msgs) StdoutLine: {'line': b'-- Installing: /ros2_ws/install/yolo_msgs/include/yolo_msgs/yolo_msgs/msg/rosidl_typesupport_introspection_c__visibility_control.h\n'}
[11.410572] (yolo_msgs) StdoutLine: {'line': b'-- Installing: /ros2_ws/install/yolo_msgs/lib/libyolo_msgs__rosidl_typesupport_introspection_c.so\n'}
[11.411226] (yolo_msgs) StdoutLine: {'line': b'-- Set runtime path of "/ros2_ws/install/yolo_msgs/lib/libyolo_msgs__rosidl_typesupport_introspection_c.so" to ""\n'}
[11.411423] (yolo_msgs) StdoutLine: {'line': b'-- Installing: /ros2_ws/install/yolo_msgs/lib/libyolo_msgs__rosidl_typesupport_c.so\n'}
[11.411820] (yolo_msgs) StdoutLine: {'line': b'-- Set runtime path of "/ros2_ws/install/yolo_msgs/lib/libyolo_msgs__rosidl_typesupport_c.so" to ""\n'}
[11.411900] (yolo_msgs) StdoutLine: {'line': b'-- Up-to-date: /ros2_ws/install/yolo_msgs/include/yolo_msgs/yolo_msgs\n'}
[11.412103] (yolo_msgs) StdoutLine: {'line': b'-- Up-to-date: /ros2_ws/install/yolo_msgs/include/yolo_msgs/yolo_msgs/srv\n'}
[11.412169] (yolo_msgs) StdoutLine: {'line': b'-- Up-to-date: /ros2_ws/install/yolo_msgs/include/yolo_msgs/yolo_msgs/srv/detail\n'}
[11.412217] (yolo_msgs) StdoutLine: {'line': b'-- Installing: /ros2_ws/install/yolo_msgs/include/yolo_msgs/yolo_msgs/srv/detail/set_classes__builder.hpp\n'}
[11.412353] (yolo_msgs) StdoutLine: {'line': b'-- Installing: /ros2_ws/install/yolo_msgs/include/yolo_msgs/yolo_msgs/srv/detail/set_classes__type_support.hpp\n'}
[11.412517] (yolo_msgs) StdoutLine: {'line': b'-- Installing: /ros2_ws/install/yolo_msgs/include/yolo_msgs/yolo_msgs/srv/detail/set_classes__struct.hpp\n'}
[11.412704] (yolo_msgs) StdoutLine: {'line': b'-- Installing: /ros2_ws/install/yolo_msgs/include/yolo_msgs/yolo_msgs/srv/detail/set_classes__traits.hpp\n'}
[11.412962] (yolo_msgs) StdoutLine: {'line': b'-- Installing: /ros2_ws/install/yolo_msgs/include/yolo_msgs/yolo_msgs/srv/set_classes.hpp\n'}
[11.413151] (yolo_msgs) StdoutLine: {'line': b'-- Up-to-date: /ros2_ws/install/yolo_msgs/include/yolo_msgs/yolo_msgs/msg\n'}
[11.413336] (yolo_msgs) StdoutLine: {'line': b'-- Installing: /ros2_ws/install/yolo_msgs/include/yolo_msgs/yolo_msgs/msg/bounding_box3_d.hpp\n'}
[11.413497] (yolo_msgs) StdoutLine: {'line': b'-- Installing: /ros2_ws/install/yolo_msgs/include/yolo_msgs/yolo_msgs/msg/bounding_box2_d.hpp\n'}
[11.413645] (yolo_msgs) StdoutLine: {'line': b'-- Installing: /ros2_ws/install/yolo_msgs/include/yolo_msgs/yolo_msgs/msg/vector2.hpp\n'}
[11.413852] (yolo_msgs) StdoutLine: {'line': b'-- Installing: /ros2_ws/install/yolo_msgs/include/yolo_msgs/yolo_msgs/msg/key_point2_d.hpp\n'}
[11.414057] (yolo_msgs) StdoutLine: {'line': b'-- Installing: /ros2_ws/install/yolo_msgs/include/yolo_msgs/yolo_msgs/msg/key_point3_d.hpp\n'}
[11.414729] (yolo_msgs) StdoutLine: {'line': b'-- Installing: /ros2_ws/install/yolo_msgs/include/yolo_msgs/yolo_msgs/msg/detection_array.hpp\n'}
[11.414968] (yolo_msgs) StdoutLine: {'line': b'-- Up-to-date: /ros2_ws/install/yolo_msgs/include/yolo_msgs/yolo_msgs/msg/detail\n'}
[11.415164] (yolo_msgs) StdoutLine: {'line': b'-- Installing: /ros2_ws/install/yolo_msgs/include/yolo_msgs/yolo_msgs/msg/detail/detection_array__builder.hpp\n'}
[11.415306] (yolo_msgs) StdoutLine: {'line': b'-- Installing: /ros2_ws/install/yolo_msgs/include/yolo_msgs/yolo_msgs/msg/detail/bounding_box2_d__type_support.hpp\n'}
[11.415543] (yolo_msgs) StdoutLine: {'line': b'-- Installing: /ros2_ws/install/yolo_msgs/include/yolo_msgs/yolo_msgs/msg/detail/bounding_box3_d__type_support.hpp\n'}
[11.415805] (yolo_msgs) StdoutLine: {'line': b'-- Installing: /ros2_ws/install/yolo_msgs/include/yolo_msgs/yolo_msgs/msg/detail/pose2_d__struct.hpp\n'}
[11.415988] (yolo_msgs) StdoutLine: {'line': b'-- Installing: /ros2_ws/install/yolo_msgs/include/yolo_msgs/yolo_msgs/msg/detail/pose2_d__builder.hpp\n'}
[11.416154] (yolo_msgs) StdoutLine: {'line': b'-- Installing: /ros2_ws/install/yolo_msgs/include/yolo_msgs/yolo_msgs/msg/detail/bounding_box3_d__builder.hpp\n'}
[11.416316] (yolo_msgs) StdoutLine: {'line': b'-- Installing: /ros2_ws/install/yolo_msgs/include/yolo_msgs/yolo_msgs/msg/detail/mask__type_support.hpp\n'}
[11.416493] (yolo_msgs) StdoutLine: {'line': b'-- Installing: /ros2_ws/install/yolo_msgs/include/yolo_msgs/yolo_msgs/msg/detail/detection__type_support.hpp\n'}
[11.416682] (yolo_msgs) StdoutLine: {'line': b'-- Installing: /ros2_ws/install/yolo_msgs/include/yolo_msgs/yolo_msgs/msg/detail/detection_array__traits.hpp\n'}
[11.416868] (yolo_msgs) StdoutLine: {'line': b'-- Installing: /ros2_ws/install/yolo_msgs/include/yolo_msgs/yolo_msgs/msg/detail/key_point2_d__traits.hpp\n'}
[11.417066] (yolo_msgs) StdoutLine: {'line': b'-- Installing: /ros2_ws/install/yolo_msgs/include/yolo_msgs/yolo_msgs/msg/detail/key_point3_d_array__traits.hpp\n'}
[11.417226] (yolo_msgs) StdoutLine: {'line': b'-- Installing: /ros2_ws/install/yolo_msgs/include/yolo_msgs/yolo_msgs/msg/detail/bounding_box3_d__struct.hpp\n'}
[11.417397] (yolo_msgs) StdoutLine: {'line': b'-- Installing: /ros2_ws/install/yolo_msgs/include/yolo_msgs/yolo_msgs/msg/detail/key_point2_d__type_support.hpp\n'}
[11.417694] (yolo_msgs) StdoutLine: {'line': b'-- Installing: /ros2_ws/install/yolo_msgs/include/yolo_msgs/yolo_msgs/msg/detail/key_point2_d_array__traits.hpp\n'}
[11.417870] (yolo_msgs) StdoutLine: {'line': b'-- Installing: /ros2_ws/install/yolo_msgs/include/yolo_msgs/yolo_msgs/msg/detail/bounding_box2_d__traits.hpp\n'}
[11.418039] (yolo_msgs) StdoutLine: {'line': b'-- Installing: /ros2_ws/install/yolo_msgs/include/yolo_msgs/yolo_msgs/msg/detail/key_point3_d__struct.hpp\n'}
[11.418216] (yolo_msgs) StdoutLine: {'line': b'-- Installing: /ros2_ws/install/yolo_msgs/include/yolo_msgs/yolo_msgs/msg/detail/bounding_box2_d__struct.hpp\n'}
[11.418485] (yolo_msgs) StdoutLine: {'line': b'-- Installing: /ros2_ws/install/yolo_msgs/include/yolo_msgs/yolo_msgs/msg/detail/bounding_box3_d__traits.hpp\n'}
[11.419584] (yolo_msgs) StdoutLine: {'line': b'-- Installing: /ros2_ws/install/yolo_msgs/include/yolo_msgs/yolo_msgs/msg/detail/key_point2_d__struct.hpp\n'}
[11.419760] (yolo_msgs) StdoutLine: {'line': b'-- Installing: /ros2_ws/install/yolo_msgs/include/yolo_msgs/yolo_msgs/msg/detail/mask__traits.hpp\n'}
[11.419934] (yolo_msgs) StdoutLine: {'line': b'-- Installing: /ros2_ws/install/yolo_msgs/include/yolo_msgs/yolo_msgs/msg/detail/mask__builder.hpp\n'}
[11.420103] (yolo_msgs) StdoutLine: {'line': b'-- Installing: /ros2_ws/install/yolo_msgs/include/yolo_msgs/yolo_msgs/msg/detail/key_point3_d_array__struct.hpp\n'}
[11.420358] (yolo_msgs) StdoutLine: {'line': b'-- Installing: /ros2_ws/install/yolo_msgs/include/yolo_msgs/yolo_msgs/msg/detail/key_point2_d_array__struct.hpp\n'}
[11.420537] (yolo_msgs) StdoutLine: {'line': b'-- Installing: /ros2_ws/install/yolo_msgs/include/yolo_msgs/yolo_msgs/msg/detail/vector2__struct.hpp\n'}
[11.420707] (yolo_msgs) StdoutLine: {'line': b'-- Installing: /ros2_ws/install/yolo_msgs/include/yolo_msgs/yolo_msgs/msg/detail/detection__traits.hpp\n'}
[11.420871] (yolo_msgs) StdoutLine: {'line': b'-- Installing: /ros2_ws/install/yolo_msgs/include/yolo_msgs/yolo_msgs/msg/detail/key_point3_d_array__type_support.hpp\n'}
[11.421059] (yolo_msgs) StdoutLine: {'line': b'-- Installing: /ros2_ws/install/yolo_msgs/include/yolo_msgs/yolo_msgs/msg/detail/mask__struct.hpp\n'}
[11.421229] (yolo_msgs) StdoutLine: {'line': b'-- Installing: /ros2_ws/install/yolo_msgs/include/yolo_msgs/yolo_msgs/msg/detail/pose2_d__type_support.hpp\n'}
[11.421408] (yolo_msgs) StdoutLine: {'line': b'-- Installing: /ros2_ws/install/yolo_msgs/include/yolo_msgs/yolo_msgs/msg/detail/detection_array__struct.hpp\n'}
[11.421605] (yolo_msgs) StdoutLine: {'line': b'-- Installing: /ros2_ws/install/yolo_msgs/include/yolo_msgs/yolo_msgs/msg/detail/point2_d__traits.hpp\n'}
[11.421876] (yolo_msgs) StdoutLine: {'line': b'-- Installing: /ros2_ws/install/yolo_msgs/include/yolo_msgs/yolo_msgs/msg/detail/detection__struct.hpp\n'}
[11.422048] (yolo_msgs) StdoutLine: {'line': b'-- Installing: /ros2_ws/install/yolo_msgs/include/yolo_msgs/yolo_msgs/msg/detail/key_point3_d__traits.hpp\n'}
[11.422251] (yolo_msgs) StdoutLine: {'line': b'-- Installing: /ros2_ws/install/yolo_msgs/include/yolo_msgs/yolo_msgs/msg/detail/pose2_d__traits.hpp\n'}
[11.422676] (yolo_msgs) StdoutLine: {'line': b'-- Installing: /ros2_ws/install/yolo_msgs/include/yolo_msgs/yolo_msgs/msg/detail/vector2__builder.hpp\n'}
[11.422962] (yolo_msgs) StdoutLine: {'line': b'-- Installing: /ros2_ws/install/yolo_msgs/include/yolo_msgs/yolo_msgs/msg/detail/point2_d__struct.hpp\n'}
[11.423241] (yolo_msgs) StdoutLine: {'line': b'-- Installing: /ros2_ws/install/yolo_msgs/include/yolo_msgs/yolo_msgs/msg/detail/point2_d__builder.hpp\n'}
[11.423345] (yolo_msgs) StdoutLine: {'line': b'-- Installing: /ros2_ws/install/yolo_msgs/include/yolo_msgs/yolo_msgs/msg/detail/key_point3_d_array__builder.hpp\n'}
[11.423546] (yolo_msgs) StdoutLine: {'line': b'-- Installing: /ros2_ws/install/yolo_msgs/include/yolo_msgs/yolo_msgs/msg/detail/detection__builder.hpp\n'}
[11.423755] (yolo_msgs) StdoutLine: {'line': b'-- Installing: /ros2_ws/install/yolo_msgs/include/yolo_msgs/yolo_msgs/msg/detail/key_point2_d_array__builder.hpp\n'}
[11.423903] (yolo_msgs) StdoutLine: {'line': b'-- Installing: /ros2_ws/install/yolo_msgs/include/yolo_msgs/yolo_msgs/msg/detail/key_point2_d_array__type_support.hpp\n'}
[11.424023] (yolo_msgs) StdoutLine: {'line': b'-- Installing: /ros2_ws/install/yolo_msgs/include/yolo_msgs/yolo_msgs/msg/detail/vector2__traits.hpp\n'}
[11.424197] (yolo_msgs) StdoutLine: {'line': b'-- Installing: /ros2_ws/install/yolo_msgs/include/yolo_msgs/yolo_msgs/msg/detail/detection_array__type_support.hpp\n'}
[11.424379] (yolo_msgs) StdoutLine: {'line': b'-- Installing: /ros2_ws/install/yolo_msgs/include/yolo_msgs/yolo_msgs/msg/detail/vector2__type_support.hpp\n'}
[11.424572] (yolo_msgs) StdoutLine: {'line': b'-- Installing: /ros2_ws/install/yolo_msgs/include/yolo_msgs/yolo_msgs/msg/detail/point2_d__type_support.hpp\n'}
[11.424741] (yolo_msgs) StdoutLine: {'line': b'-- Installing: /ros2_ws/install/yolo_msgs/include/yolo_msgs/yolo_msgs/msg/detail/bounding_box2_d__builder.hpp\n'}
[11.424958] (yolo_msgs) StdoutLine: {'line': b'-- Installing: /ros2_ws/install/yolo_msgs/include/yolo_msgs/yolo_msgs/msg/detail/key_point2_d__builder.hpp\n'}
[11.425123] (yolo_msgs) StdoutLine: {'line': b'-- Installing: /ros2_ws/install/yolo_msgs/include/yolo_msgs/yolo_msgs/msg/detail/key_point3_d__builder.hpp\n'}
[11.425288] (yolo_msgs) StdoutLine: {'line': b'-- Installing: /ros2_ws/install/yolo_msgs/include/yolo_msgs/yolo_msgs/msg/detail/key_point3_d__type_support.hpp\n'}
[11.425493] (yolo_msgs) StdoutLine: {'line': b'-- Installing: /ros2_ws/install/yolo_msgs/include/yolo_msgs/yolo_msgs/msg/mask.hpp\n'}
[11.425794] (yolo_msgs) StdoutLine: {'line': b'-- Installing: /ros2_ws/install/yolo_msgs/include/yolo_msgs/yolo_msgs/msg/key_point2_d_array.hpp\n'}
[11.425971] (yolo_msgs) StdoutLine: {'line': b'-- Installing: /ros2_ws/install/yolo_msgs/include/yolo_msgs/yolo_msgs/msg/detection.hpp\n'}
[11.426164] (yolo_msgs) StdoutLine: {'line': b'-- Installing: /ros2_ws/install/yolo_msgs/include/yolo_msgs/yolo_msgs/msg/point2_d.hpp\n'}
[11.426372] (yolo_msgs) StdoutLine: {'line': b'-- Installing: /ros2_ws/install/yolo_msgs/include/yolo_msgs/yolo_msgs/msg/rosidl_generator_cpp__visibility_control.hpp\n'}
[11.426590] (yolo_msgs) StdoutLine: {'line': b'-- Installing: /ros2_ws/install/yolo_msgs/include/yolo_msgs/yolo_msgs/msg/pose2_d.hpp\n'}
[11.426829] (yolo_msgs) StdoutLine: {'line': b'-- Installing: /ros2_ws/install/yolo_msgs/include/yolo_msgs/yolo_msgs/msg/key_point3_d_array.hpp\n'}
[11.427210] (yolo_msgs) StdoutLine: {'line': b'-- Up-to-date: /ros2_ws/install/yolo_msgs/include/yolo_msgs/yolo_msgs\n'}
[11.427464] (yolo_msgs) StdoutLine: {'line': b'-- Up-to-date: /ros2_ws/install/yolo_msgs/include/yolo_msgs/yolo_msgs/srv\n'}
[11.427952] (yolo_msgs) StdoutLine: {'line': b'-- Up-to-date: /ros2_ws/install/yolo_msgs/include/yolo_msgs/yolo_msgs/srv/detail\n'}
[11.428052] (yolo_msgs) StdoutLine: {'line': b'-- Installing: /ros2_ws/install/yolo_msgs/include/yolo_msgs/yolo_msgs/srv/detail/set_classes__rosidl_typesupport_fastrtps_cpp.hpp\n'}
[11.428107] (yolo_msgs) StdoutLine: {'line': b'-- Installing: /ros2_ws/install/yolo_msgs/include/yolo_msgs/yolo_msgs/srv/detail/dds_fastrtps\n'}
[11.428761] (yolo_msgs) StdoutLine: {'line': b'-- Up-to-date: /ros2_ws/install/yolo_msgs/include/yolo_msgs/yolo_msgs/msg\n'}
[11.428865] (yolo_msgs) StdoutLine: {'line': b'-- Up-to-date: /ros2_ws/install/yolo_msgs/include/yolo_msgs/yolo_msgs/msg/detail\n'}
[11.429005] (yolo_msgs) StdoutLine: {'line': b'-- Installing: /ros2_ws/install/yolo_msgs/include/yolo_msgs/yolo_msgs/msg/detail/key_point2_d_array__rosidl_typesupport_fastrtps_cpp.hpp\n'}
[11.429203] (yolo_msgs) StdoutLine: {'line': b'-- Installing: /ros2_ws/install/yolo_msgs/include/yolo_msgs/yolo_msgs/msg/detail/bounding_box3_d__rosidl_typesupport_fastrtps_cpp.hpp\n'}
[11.429395] (yolo_msgs) StdoutLine: {'line': b'-- Installing: /ros2_ws/install/yolo_msgs/include/yolo_msgs/yolo_msgs/msg/detail/dds_fastrtps\n'}
[11.430013] (yolo_msgs) StdoutLine: {'line': b'-- Installing: /ros2_ws/install/yolo_msgs/include/yolo_msgs/yolo_msgs/msg/detail/vector2__rosidl_typesupport_fastrtps_cpp.hpp\n'}
[11.430266] (yolo_msgs) StdoutLine: {'line': b'-- Installing: /ros2_ws/install/yolo_msgs/include/yolo_msgs/yolo_msgs/msg/detail/key_point3_d_array__rosidl_typesupport_fastrtps_cpp.hpp\n'}
[11.430547] (yolo_msgs) StdoutLine: {'line': b'-- Installing: /ros2_ws/install/yolo_msgs/include/yolo_msgs/yolo_msgs/msg/detail/point2_d__rosidl_typesupport_fastrtps_cpp.hpp\n'}
[11.430767] (yolo_msgs) StdoutLine: {'line': b'-- Installing: /ros2_ws/install/yolo_msgs/include/yolo_msgs/yolo_msgs/msg/detail/pose2_d__rosidl_typesupport_fastrtps_cpp.hpp\n'}
[11.431285] (yolo_msgs) StdoutLine: {'line': b'-- Installing: /ros2_ws/install/yolo_msgs/include/yolo_msgs/yolo_msgs/msg/detail/mask__rosidl_typesupport_fastrtps_cpp.hpp\n'}
[11.431511] (yolo_msgs) StdoutLine: {'line': b'-- Installing: /ros2_ws/install/yolo_msgs/include/yolo_msgs/yolo_msgs/msg/detail/bounding_box2_d__rosidl_typesupport_fastrtps_cpp.hpp\n'}
[11.431740] (yolo_msgs) StdoutLine: {'line': b'-- Installing: /ros2_ws/install/yolo_msgs/include/yolo_msgs/yolo_msgs/msg/detail/key_point3_d__rosidl_typesupport_fastrtps_cpp.hpp\n'}
[11.431972] (yolo_msgs) StdoutLine: {'line': b'-- Installing: /ros2_ws/install/yolo_msgs/include/yolo_msgs/yolo_msgs/msg/detail/detection__rosidl_typesupport_fastrtps_cpp.hpp\n'}
[11.432218] (yolo_msgs) StdoutLine: {'line': b'-- Installing: /ros2_ws/install/yolo_msgs/include/yolo_msgs/yolo_msgs/msg/detail/key_point2_d__rosidl_typesupport_fastrtps_cpp.hpp\n'}
[11.432481] (yolo_msgs) StdoutLine: {'line': b'-- Installing: /ros2_ws/install/yolo_msgs/include/yolo_msgs/yolo_msgs/msg/detail/detection_array__rosidl_typesupport_fastrtps_cpp.hpp\n'}
[11.432713] (yolo_msgs) StdoutLine: {'line': b'-- Installing: /ros2_ws/install/yolo_msgs/include/yolo_msgs/yolo_msgs/msg/rosidl_typesupport_fastrtps_cpp__visibility_control.h\n'}
[11.433045] (yolo_msgs) StdoutLine: {'line': b'-- Installing: /ros2_ws/install/yolo_msgs/lib/libyolo_msgs__rosidl_typesupport_fastrtps_cpp.so\n'}
[11.434342] (yolo_msgs) StdoutLine: {'line': b'-- Set runtime path of "/ros2_ws/install/yolo_msgs/lib/libyolo_msgs__rosidl_typesupport_fastrtps_cpp.so" to ""\n'}
[11.434534] (yolo_msgs) StdoutLine: {'line': b'-- Up-to-date: /ros2_ws/install/yolo_msgs/include/yolo_msgs/yolo_msgs\n'}
[11.434744] (yolo_msgs) StdoutLine: {'line': b'-- Up-to-date: /ros2_ws/install/yolo_msgs/include/yolo_msgs/yolo_msgs/srv\n'}
[11.434910] (yolo_msgs) StdoutLine: {'line': b'-- Up-to-date: /ros2_ws/install/yolo_msgs/include/yolo_msgs/yolo_msgs/srv/detail\n'}
[11.434976] (yolo_msgs) StdoutLine: {'line': b'-- Installing: /ros2_ws/install/yolo_msgs/include/yolo_msgs/yolo_msgs/srv/detail/set_classes__rosidl_typesupport_introspection_cpp.hpp\n'}
[11.435130] (yolo_msgs) StdoutLine: {'line': b'-- Installing: /ros2_ws/install/yolo_msgs/include/yolo_msgs/yolo_msgs/srv/detail/set_classes__type_support.cpp\n'}
[11.435332] (yolo_msgs) StdoutLine: {'line': b'-- Up-to-date: /ros2_ws/install/yolo_msgs/include/yolo_msgs/yolo_msgs/msg\n'}
[11.435449] (yolo_msgs) StdoutLine: {'line': b'-- Up-to-date: /ros2_ws/install/yolo_msgs/include/yolo_msgs/yolo_msgs/msg/detail\n'}
[11.435606] (yolo_msgs) StdoutLine: {'line': b'-- Installing: /ros2_ws/install/yolo_msgs/include/yolo_msgs/yolo_msgs/msg/detail/vector2__rosidl_typesupport_introspection_cpp.hpp\n'}
[11.435730] (yolo_msgs) StdoutLine: {'line': b'-- Installing: /ros2_ws/install/yolo_msgs/include/yolo_msgs/yolo_msgs/msg/detail/key_point3_d__rosidl_typesupport_introspection_cpp.hpp\n'}
[11.435986] (yolo_msgs) StdoutLine: {'line': b'-- Installing: /ros2_ws/install/yolo_msgs/include/yolo_msgs/yolo_msgs/msg/detail/bounding_box3_d__type_support.cpp\n'}
[11.436270] (yolo_msgs) StdoutLine: {'line': b'-- Installing: /ros2_ws/install/yolo_msgs/include/yolo_msgs/yolo_msgs/msg/detail/pose2_d__rosidl_typesupport_introspection_cpp.hpp\n'}
[11.436569] (yolo_msgs) StdoutLine: {'line': b'-- Installing: /ros2_ws/install/yolo_msgs/include/yolo_msgs/yolo_msgs/msg/detail/key_point3_d_array__type_support.cpp\n'}
[11.436835] (yolo_msgs) StdoutLine: {'line': b'-- Installing: /ros2_ws/install/yolo_msgs/include/yolo_msgs/yolo_msgs/msg/detail/key_point2_d_array__rosidl_typesupport_introspection_cpp.hpp\n'}
[11.437062] (yolo_msgs) StdoutLine: {'line': b'-- Installing: /ros2_ws/install/yolo_msgs/include/yolo_msgs/yolo_msgs/msg/detail/key_point2_d__rosidl_typesupport_introspection_cpp.hpp\n'}
[11.437265] (yolo_msgs) StdoutLine: {'line': b'-- Installing: /ros2_ws/install/yolo_msgs/include/yolo_msgs/yolo_msgs/msg/detail/key_point3_d__type_support.cpp\n'}
[11.437514] (yolo_msgs) StdoutLine: {'line': b'-- Installing: /ros2_ws/install/yolo_msgs/include/yolo_msgs/yolo_msgs/msg/detail/detection_array__rosidl_typesupport_introspection_cpp.hpp\n'}
[11.437755] (yolo_msgs) StdoutLine: {'line': b'-- Installing: /ros2_ws/install/yolo_msgs/include/yolo_msgs/yolo_msgs/msg/detail/bounding_box2_d__type_support.cpp\n'}
[11.438001] (yolo_msgs) StdoutLine: {'line': b'-- Installing: /ros2_ws/install/yolo_msgs/include/yolo_msgs/yolo_msgs/msg/detail/detection_array__type_support.cpp\n'}
[11.438320] (yolo_msgs) StdoutLine: {'line': b'-- Installing: /ros2_ws/install/yolo_msgs/include/yolo_msgs/yolo_msgs/msg/detail/vector2__type_support.cpp\n'}
[11.438547] (yolo_msgs) StdoutLine: {'line': b'-- Installing: /ros2_ws/install/yolo_msgs/include/yolo_msgs/yolo_msgs/msg/detail/point2_d__rosidl_typesupport_introspection_cpp.hpp\n'}
[11.438750] (yolo_msgs) StdoutLine: {'line': b'-- Installing: /ros2_ws/install/yolo_msgs/include/yolo_msgs/yolo_msgs/msg/detail/bounding_box3_d__rosidl_typesupport_introspection_cpp.hpp\n'}
[11.438978] (yolo_msgs) StdoutLine: {'line': b'-- Installing: /ros2_ws/install/yolo_msgs/include/yolo_msgs/yolo_msgs/msg/detail/key_point3_d_array__rosidl_typesupport_introspection_cpp.hpp\n'}
[11.439179] (yolo_msgs) StdoutLine: {'line': b'-- Installing: /ros2_ws/install/yolo_msgs/include/yolo_msgs/yolo_msgs/msg/detail/key_point2_d__type_support.cpp\n'}
[11.439429] (yolo_msgs) StdoutLine: {'line': b'-- Installing: /ros2_ws/install/yolo_msgs/include/yolo_msgs/yolo_msgs/msg/detail/key_point2_d_array__type_support.cpp\n'}
[11.439644] (yolo_msgs) StdoutLine: {'line': b'-- Installing: /ros2_ws/install/yolo_msgs/include/yolo_msgs/yolo_msgs/msg/detail/pose2_d__type_support.cpp\n'}
[11.439876] (yolo_msgs) StdoutLine: {'line': b'-- Installing: /ros2_ws/install/yolo_msgs/include/yolo_msgs/yolo_msgs/msg/detail/point2_d__type_support.cpp\n'}
[11.440163] (yolo_msgs) StdoutLine: {'line': b'-- Installing: /ros2_ws/install/yolo_msgs/include/yolo_msgs/yolo_msgs/msg/detail/bounding_box2_d__rosidl_typesupport_introspection_cpp.hpp\n'}
[11.440406] (yolo_msgs) StdoutLine: {'line': b'-- Installing: /ros2_ws/install/yolo_msgs/include/yolo_msgs/yolo_msgs/msg/detail/detection__rosidl_typesupport_introspection_cpp.hpp\n'}
[11.440628] (yolo_msgs) StdoutLine: {'line': b'-- Installing: /ros2_ws/install/yolo_msgs/include/yolo_msgs/yolo_msgs/msg/detail/mask__type_support.cpp\n'}
[11.440983] (yolo_msgs) StdoutLine: {'line': b'-- Installing: /ros2_ws/install/yolo_msgs/include/yolo_msgs/yolo_msgs/msg/detail/detection__type_support.cpp\n'}
[11.441254] (yolo_msgs) StdoutLine: {'line': b'-- Installing: /ros2_ws/install/yolo_msgs/include/yolo_msgs/yolo_msgs/msg/detail/mask__rosidl_typesupport_introspection_cpp.hpp\n'}
[11.441589] (yolo_msgs) StdoutLine: {'line': b'-- Installing: /ros2_ws/install/yolo_msgs/lib/libyolo_msgs__rosidl_typesupport_introspection_cpp.so\n'}
[11.443039] (yolo_msgs) StdoutLine: {'line': b'-- Set runtime path of "/ros2_ws/install/yolo_msgs/lib/libyolo_msgs__rosidl_typesupport_introspection_cpp.so" to ""\n'}
[11.443131] (yolo_msgs) StdoutLine: {'line': b'-- Installing: /ros2_ws/install/yolo_msgs/lib/libyolo_msgs__rosidl_typesupport_cpp.so\n'}
[11.443620] (yolo_msgs) StdoutLine: {'line': b'-- Set runtime path of "/ros2_ws/install/yolo_msgs/lib/libyolo_msgs__rosidl_typesupport_cpp.so" to ""\n'}
[11.443797] (yolo_msgs) StdoutLine: {'line': b'-- Installing: /ros2_ws/install/yolo_msgs/share/yolo_msgs/environment/pythonpath.sh\n'}
[11.444018] (yolo_msgs) StdoutLine: {'line': b'-- Installing: /ros2_ws/install/yolo_msgs/share/yolo_msgs/environment/pythonpath.dsv\n'}
[11.444201] (yolo_msgs) StdoutLine: {'line': b'-- Installing: /ros2_ws/install/yolo_msgs/local/lib/python3.10/dist-packages/yolo_msgs-4.6.0-py3.10.egg-info\n'}
[11.447145] (yolo_msgs) StdoutLine: {'line': b'-- Installing: /ros2_ws/install/yolo_msgs/local/lib/python3.10/dist-packages/yolo_msgs-4.6.0-py3.10.egg-info/SOURCES.txt\n'}
[11.447343] (yolo_msgs) StdoutLine: {'line': b'-- Installing: /ros2_ws/install/yolo_msgs/local/lib/python3.10/dist-packages/yolo_msgs-4.6.0-py3.10.egg-info/top_level.txt\n'}
[11.447573] (yolo_msgs) StdoutLine: {'line': b'-- Installing: /ros2_ws/install/yolo_msgs/local/lib/python3.10/dist-packages/yolo_msgs-4.6.0-py3.10.egg-info/PKG-INFO\n'}
[11.447674] (yolo_msgs) StdoutLine: {'line': b'-- Installing: /ros2_ws/install/yolo_msgs/local/lib/python3.10/dist-packages/yolo_msgs-4.6.0-py3.10.egg-info/dependency_links.txt\n'}
[11.447914] (yolo_msgs) StdoutLine: {'line': b'-- Installing: /ros2_ws/install/yolo_msgs/local/lib/python3.10/dist-packages/yolo_msgs\n'}
[11.448475] (yolo_msgs) StdoutLine: {'line': b'-- Installing: /ros2_ws/install/yolo_msgs/local/lib/python3.10/dist-packages/yolo_msgs/__init__.py\n'}
[11.448651] (yolo_msgs) StdoutLine: {'line': b'-- Installing: /ros2_ws/install/yolo_msgs/local/lib/python3.10/dist-packages/yolo_msgs/_yolo_msgs_s.ep.rosidl_typesupport_fastrtps_c.c\n'}
[11.449002] (yolo_msgs) StdoutLine: {'line': b'-- Installing: /ros2_ws/install/yolo_msgs/local/lib/python3.10/dist-packages/yolo_msgs/yolo_msgs_s__rosidl_typesupport_introspection_c.cpython-310-x86_64-linux-gnu.so\n'}
[11.449265] (yolo_msgs) StdoutLine: {'line': b'-- Installing: /ros2_ws/install/yolo_msgs/local/lib/python3.10/dist-packages/yolo_msgs/_yolo_msgs_s.ep.rosidl_typesupport_c.c\n'}
[11.449730] (yolo_msgs) StdoutLine: {'line': b'-- Installing: /ros2_ws/install/yolo_msgs/local/lib/python3.10/dist-packages/yolo_msgs/srv\n'}
[11.450311] (yolo_msgs) StdoutLine: {'line': b'-- Installing: /ros2_ws/install/yolo_msgs/local/lib/python3.10/dist-packages/yolo_msgs/srv/__init__.py\n'}
[11.450518] (yolo_msgs) StdoutLine: {'line': b'-- Installing: /ros2_ws/install/yolo_msgs/local/lib/python3.10/dist-packages/yolo_msgs/srv/_set_classes_s.c\n'}
[11.450706] (yolo_msgs) StdoutLine: {'line': b'-- Installing: /ros2_ws/install/yolo_msgs/local/lib/python3.10/dist-packages/yolo_msgs/srv/_set_classes.py\n'}
[11.450898] (yolo_msgs) StdoutLine: {'line': b'-- Installing: /ros2_ws/install/yolo_msgs/local/lib/python3.10/dist-packages/yolo_msgs/libyolo_msgs__rosidl_generator_py.so\n'}
[11.451238] (yolo_msgs) StdoutLine: {'line': b'-- Installing: /ros2_ws/install/yolo_msgs/local/lib/python3.10/dist-packages/yolo_msgs/yolo_msgs_s__rosidl_typesupport_c.cpython-310-x86_64-linux-gnu.so\n'}
[11.451513] (yolo_msgs) StdoutLine: {'line': b'-- Installing: /ros2_ws/install/yolo_msgs/local/lib/python3.10/dist-packages/yolo_msgs/msg\n'}
[11.452059] (yolo_msgs) StdoutLine: {'line': b'-- Installing: /ros2_ws/install/yolo_msgs/local/lib/python3.10/dist-packages/yolo_msgs/msg/__init__.py\n'}
[11.452252] (yolo_msgs) StdoutLine: {'line': b'-- Installing: /ros2_ws/install/yolo_msgs/local/lib/python3.10/dist-packages/yolo_msgs/msg/_key_point2_d.py\n'}
[11.452466] (yolo_msgs) StdoutLine: {'line': b'-- Installing: /ros2_ws/install/yolo_msgs/local/lib/python3.10/dist-packages/yolo_msgs/msg/_bounding_box2_d.py\n'}
[11.452663] (yolo_msgs) StdoutLine: {'line': b'-- Installing: /ros2_ws/install/yolo_msgs/local/lib/python3.10/dist-packages/yolo_msgs/msg/_detection_s.c\n'}
[11.452865] (yolo_msgs) StdoutLine: {'line': b'-- Installing: /ros2_ws/install/yolo_msgs/local/lib/python3.10/dist-packages/yolo_msgs/msg/_key_point2_d_s.c\n'}
[11.453075] (yolo_msgs) StdoutLine: {'line': b'-- Installing: /ros2_ws/install/yolo_msgs/local/lib/python3.10/dist-packages/yolo_msgs/msg/_bounding_box3_d_s.c\n'}
[11.453285] (yolo_msgs) StdoutLine: {'line': b'-- Installing: /ros2_ws/install/yolo_msgs/local/lib/python3.10/dist-packages/yolo_msgs/msg/_point2_d_s.c\n'}
[11.453477] (yolo_msgs) StdoutLine: {'line': b'-- Installing: /ros2_ws/install/yolo_msgs/local/lib/python3.10/dist-packages/yolo_msgs/msg/_key_point3_d_array.py\n'}
[11.453693] (yolo_msgs) StdoutLine: {'line': b'-- Installing: /ros2_ws/install/yolo_msgs/local/lib/python3.10/dist-packages/yolo_msgs/msg/_detection_array.py\n'}
[11.453886] (yolo_msgs) StdoutLine: {'line': b'-- Installing: /ros2_ws/install/yolo_msgs/local/lib/python3.10/dist-packages/yolo_msgs/msg/_detection_array_s.c\n'}
[11.454086] (yolo_msgs) StdoutLine: {'line': b'-- Installing: /ros2_ws/install/yolo_msgs/local/lib/python3.10/dist-packages/yolo_msgs/msg/_key_point3_d_array_s.c\n'}
[11.454303] (yolo_msgs) StdoutLine: {'line': b'-- Installing: /ros2_ws/install/yolo_msgs/local/lib/python3.10/dist-packages/yolo_msgs/msg/_point2_d.py\n'}
[11.454514] (yolo_msgs) StdoutLine: {'line': b'-- Installing: /ros2_ws/install/yolo_msgs/local/lib/python3.10/dist-packages/yolo_msgs/msg/_bounding_box2_d_s.c\n'}
[11.454731] (yolo_msgs) StdoutLine: {'line': b'-- Installing: /ros2_ws/install/yolo_msgs/local/lib/python3.10/dist-packages/yolo_msgs/msg/_bounding_box3_d.py\n'}
[11.454927] (yolo_msgs) StdoutLine: {'line': b'-- Installing: /ros2_ws/install/yolo_msgs/local/lib/python3.10/dist-packages/yolo_msgs/msg/_key_point2_d_array.py\n'}
[11.455289] (yolo_msgs) StdoutLine: {'line': b'-- Installing: /ros2_ws/install/yolo_msgs/local/lib/python3.10/dist-packages/yolo_msgs/msg/_mask_s.c\n'}
[11.455482] (yolo_msgs) StdoutLine: {'line': b'-- Installing: /ros2_ws/install/yolo_msgs/local/lib/python3.10/dist-packages/yolo_msgs/msg/_vector2.py\n'}
[11.455677] (yolo_msgs) StdoutLine: {'line': b'-- Installing: /ros2_ws/install/yolo_msgs/local/lib/python3.10/dist-packages/yolo_msgs/msg/_pose2_d.py\n'}
[11.455884] (yolo_msgs) StdoutLine: {'line': b'-- Installing: /ros2_ws/install/yolo_msgs/local/lib/python3.10/dist-packages/yolo_msgs/msg/_key_point2_d_array_s.c\n'}
[11.456076] (yolo_msgs) StdoutLine: {'line': b'-- Installing: /ros2_ws/install/yolo_msgs/local/lib/python3.10/dist-packages/yolo_msgs/msg/_mask.py\n'}
[11.456274] (yolo_msgs) StdoutLine: {'line': b'-- Installing: /ros2_ws/install/yolo_msgs/local/lib/python3.10/dist-packages/yolo_msgs/msg/_vector2_s.c\n'}
[11.456464] (yolo_msgs) StdoutLine: {'line': b'-- Installing: /ros2_ws/install/yolo_msgs/local/lib/python3.10/dist-packages/yolo_msgs/msg/_detection.py\n'}
[11.456667] (yolo_msgs) StdoutLine: {'line': b'-- Installing: /ros2_ws/install/yolo_msgs/local/lib/python3.10/dist-packages/yolo_msgs/msg/_key_point3_d.py\n'}
[11.456852] (yolo_msgs) StdoutLine: {'line': b'-- Installing: /ros2_ws/install/yolo_msgs/local/lib/python3.10/dist-packages/yolo_msgs/msg/_pose2_d_s.c\n'}
[11.457034] (yolo_msgs) StdoutLine: {'line': b'-- Installing: /ros2_ws/install/yolo_msgs/local/lib/python3.10/dist-packages/yolo_msgs/msg/_key_point3_d_s.c\n'}
[11.457224] (yolo_msgs) StdoutLine: {'line': b'-- Installing: /ros2_ws/install/yolo_msgs/local/lib/python3.10/dist-packages/yolo_msgs/_yolo_msgs_s.ep.rosidl_typesupport_introspection_c.c\n'}
[11.457505] (yolo_msgs) StdoutLine: {'line': b'-- Installing: /ros2_ws/install/yolo_msgs/local/lib/python3.10/dist-packages/yolo_msgs/yolo_msgs_s__rosidl_typesupport_fastrtps_c.cpython-310-x86_64-linux-gnu.so\n'}
[11.459097] (-) TimerEvent: {}
[11.531113] (yolo_msgs) StdoutLine: {'line': b"Listing '/ros2_ws/install/yolo_msgs/local/lib/python3.10/dist-packages/yolo_msgs'...\n"}
[11.531365] (yolo_msgs) StdoutLine: {'line': b"Compiling '/ros2_ws/install/yolo_msgs/local/lib/python3.10/dist-packages/yolo_msgs/__init__.py'...\n"}
[11.531456] (yolo_msgs) StdoutLine: {'line': b"Listing '/ros2_ws/install/yolo_msgs/local/lib/python3.10/dist-packages/yolo_msgs/msg'...\n"}
[11.531530] (yolo_msgs) StdoutLine: {'line': b"Compiling '/ros2_ws/install/yolo_msgs/local/lib/python3.10/dist-packages/yolo_msgs/msg/__init__.py'...\n"}
[11.531600] (yolo_msgs) StdoutLine: {'line': b"Compiling '/ros2_ws/install/yolo_msgs/local/lib/python3.10/dist-packages/yolo_msgs/msg/_bounding_box2_d.py'...\n"}
[11.531664] (yolo_msgs) StdoutLine: {'line': b"Compiling '/ros2_ws/install/yolo_msgs/local/lib/python3.10/dist-packages/yolo_msgs/msg/_bounding_box3_d.py'...\n"}
[11.531728] (yolo_msgs) StdoutLine: {'line': b"Compiling '/ros2_ws/install/yolo_msgs/local/lib/python3.10/dist-packages/yolo_msgs/msg/_detection.py'...\n"}
[11.531789] (yolo_msgs) StdoutLine: {'line': b"Compiling '/ros2_ws/install/yolo_msgs/local/lib/python3.10/dist-packages/yolo_msgs/msg/_detection_array.py'...\n"}
[11.531850] (yolo_msgs) StdoutLine: {'line': b"Compiling '/ros2_ws/install/yolo_msgs/local/lib/python3.10/dist-packages/yolo_msgs/msg/_key_point2_d.py'...\n"}
[11.531912] (yolo_msgs) StdoutLine: {'line': b"Compiling '/ros2_ws/install/yolo_msgs/local/lib/python3.10/dist-packages/yolo_msgs/msg/_key_point2_d_array.py'...\n"}
[11.532003] (yolo_msgs) StdoutLine: {'line': b"Compiling '/ros2_ws/install/yolo_msgs/local/lib/python3.10/dist-packages/yolo_msgs/msg/_key_point3_d.py'...\n"}
[11.532074] (yolo_msgs) StdoutLine: {'line': b"Compiling '/ros2_ws/install/yolo_msgs/local/lib/python3.10/dist-packages/yolo_msgs/msg/_key_point3_d_array.py'...\n"}
[11.532161] (yolo_msgs) StdoutLine: {'line': b"Compiling '/ros2_ws/install/yolo_msgs/local/lib/python3.10/dist-packages/yolo_msgs/msg/_mask.py'...\n"}
[11.532227] (yolo_msgs) StdoutLine: {'line': b"Compiling '/ros2_ws/install/yolo_msgs/local/lib/python3.10/dist-packages/yolo_msgs/msg/_point2_d.py'...\n"}
[11.532290] (yolo_msgs) StdoutLine: {'line': b"Compiling '/ros2_ws/install/yolo_msgs/local/lib/python3.10/dist-packages/yolo_msgs/msg/_pose2_d.py'...\n"}
[11.532358] (yolo_msgs) StdoutLine: {'line': b"Compiling '/ros2_ws/install/yolo_msgs/local/lib/python3.10/dist-packages/yolo_msgs/msg/_vector2.py'...\n"}
[11.532433] (yolo_msgs) StdoutLine: {'line': b"Listing '/ros2_ws/install/yolo_msgs/local/lib/python3.10/dist-packages/yolo_msgs/srv'...\n"}
[11.532499] (yolo_msgs) StdoutLine: {'line': b"Compiling '/ros2_ws/install/yolo_msgs/local/lib/python3.10/dist-packages/yolo_msgs/srv/__init__.py'...\n"}
[11.532566] (yolo_msgs) StdoutLine: {'line': b"Compiling '/ros2_ws/install/yolo_msgs/local/lib/python3.10/dist-packages/yolo_msgs/srv/_set_classes.py'...\n"}
[11.537363] (yolo_msgs) StdoutLine: {'line': b'-- Installing: /ros2_ws/install/yolo_msgs/local/lib/python3.10/dist-packages/yolo_msgs/yolo_msgs_s__rosidl_typesupport_fastrtps_c.cpython-310-x86_64-linux-gnu.so\n'}
[11.537914] (yolo_msgs) StdoutLine: {'line': b'-- Set runtime path of "/ros2_ws/install/yolo_msgs/local/lib/python3.10/dist-packages/yolo_msgs/yolo_msgs_s__rosidl_typesupport_fastrtps_c.cpython-310-x86_64-linux-gnu.so" to ""\n'}
[11.538251] (yolo_msgs) StdoutLine: {'line': b'-- Installing: /ros2_ws/install/yolo_msgs/local/lib/python3.10/dist-packages/yolo_msgs/yolo_msgs_s__rosidl_typesupport_introspection_c.cpython-310-x86_64-linux-gnu.so\n'}
[11.538839] (yolo_msgs) StdoutLine: {'line': b'-- Set runtime path of "/ros2_ws/install/yolo_msgs/local/lib/python3.10/dist-packages/yolo_msgs/yolo_msgs_s__rosidl_typesupport_introspection_c.cpython-310-x86_64-linux-gnu.so" to ""\n'}
[11.539123] (yolo_msgs) StdoutLine: {'line': b'-- Installing: /ros2_ws/install/yolo_msgs/local/lib/python3.10/dist-packages/yolo_msgs/yolo_msgs_s__rosidl_typesupport_c.cpython-310-x86_64-linux-gnu.so\n'}
[11.539690] (yolo_msgs) StdoutLine: {'line': b'-- Set runtime path of "/ros2_ws/install/yolo_msgs/local/lib/python3.10/dist-packages/yolo_msgs/yolo_msgs_s__rosidl_typesupport_c.cpython-310-x86_64-linux-gnu.so" to ""\n'}
[11.539895] (yolo_msgs) StdoutLine: {'line': b'-- Installing: /ros2_ws/install/yolo_msgs/lib/libyolo_msgs__rosidl_generator_py.so\n'}
[11.540518] (yolo_msgs) StdoutLine: {'line': b'-- Set runtime path of "/ros2_ws/install/yolo_msgs/lib/libyolo_msgs__rosidl_generator_py.so" to ""\n'}
[11.541368] (yolo_msgs) StdoutLine: {'line': b'-- Installing: /ros2_ws/install/yolo_msgs/share/ament_index/resource_index/rust_packages/yolo_msgs\n'}
[11.541613] (yolo_msgs) StdoutLine: {'line': b'-- Installing: /ros2_ws/install/yolo_msgs/share/yolo_msgs/rust\n'}
[11.542133] (yolo_msgs) StdoutLine: {'line': b'-- Installing: /ros2_ws/install/yolo_msgs/share/yolo_msgs/rust/Cargo.toml\n'}
[11.542405] (yolo_msgs) StdoutLine: {'line': b'-- Installing: /ros2_ws/install/yolo_msgs/share/yolo_msgs/rust/build.rs\n'}
[11.542624] (yolo_msgs) StdoutLine: {'line': b'-- Installing: /ros2_ws/install/yolo_msgs/share/yolo_msgs/rust/src\n'}
[11.543070] (yolo_msgs) StdoutLine: {'line': b'-- Installing: /ros2_ws/install/yolo_msgs/share/yolo_msgs/rust/src/lib.rs\n'}
[11.543292] (yolo_msgs) StdoutLine: {'line': b'-- Installing: /ros2_ws/install/yolo_msgs/share/yolo_msgs/rust/src/msg.rs\n'}
[11.543517] (yolo_msgs) StdoutLine: {'line': b'-- Installing: /ros2_ws/install/yolo_msgs/share/yolo_msgs/rust/src/srv.rs\n'}
[11.543744] (yolo_msgs) StdoutLine: {'line': b'-- Installing: /ros2_ws/install/yolo_msgs/share/yolo_msgs/rust/src/srv\n'}
[11.544235] (yolo_msgs) StdoutLine: {'line': b'-- Installing: /ros2_ws/install/yolo_msgs/share/yolo_msgs/rust/src/srv/rmw.rs\n'}
[11.544485] (yolo_msgs) StdoutLine: {'line': b'-- Installing: /ros2_ws/install/yolo_msgs/share/yolo_msgs/rust/src/msg\n'}
[11.544924] (yolo_msgs) StdoutLine: {'line': b'-- Installing: /ros2_ws/install/yolo_msgs/share/yolo_msgs/rust/src/msg/rmw.rs\n'}
[11.545563] (yolo_msgs) StdoutLine: {'line': b'-- Installing: /ros2_ws/install/yolo_msgs/share/yolo_msgs/msg/Point2D.idl\n'}
[11.545793] (yolo_msgs) StdoutLine: {'line': b'-- Installing: /ros2_ws/install/yolo_msgs/share/yolo_msgs/msg/Vector2.idl\n'}
[11.546044] (yolo_msgs) StdoutLine: {'line': b'-- Installing: /ros2_ws/install/yolo_msgs/share/yolo_msgs/msg/Pose2D.idl\n'}
[11.546388] (yolo_msgs) StdoutLine: {'line': b'-- Installing: /ros2_ws/install/yolo_msgs/share/yolo_msgs/msg/BoundingBox2D.idl\n'}
[11.546684] (yolo_msgs) StdoutLine: {'line': b'-- Installing: /ros2_ws/install/yolo_msgs/share/yolo_msgs/msg/BoundingBox3D.idl\n'}
[11.546948] (yolo_msgs) StdoutLine: {'line': b'-- Installing: /ros2_ws/install/yolo_msgs/share/yolo_msgs/msg/Mask.idl\n'}
[11.547209] (yolo_msgs) StdoutLine: {'line': b'-- Installing: /ros2_ws/install/yolo_msgs/share/yolo_msgs/msg/KeyPoint2D.idl\n'}
[11.547460] (yolo_msgs) StdoutLine: {'line': b'-- Installing: /ros2_ws/install/yolo_msgs/share/yolo_msgs/msg/KeyPoint2DArray.idl\n'}
[11.547740] (yolo_msgs) StdoutLine: {'line': b'-- Installing: /ros2_ws/install/yolo_msgs/share/yolo_msgs/msg/KeyPoint3D.idl\n'}
[11.548016] (yolo_msgs) StdoutLine: {'line': b'-- Installing: /ros2_ws/install/yolo_msgs/share/yolo_msgs/msg/KeyPoint3DArray.idl\n'}
[11.548272] (yolo_msgs) StdoutLine: {'line': b'-- Installing: /ros2_ws/install/yolo_msgs/share/yolo_msgs/msg/Detection.idl\n'}
[11.548584] (yolo_msgs) StdoutLine: {'line': b'-- Installing: /ros2_ws/install/yolo_msgs/share/yolo_msgs/msg/DetectionArray.idl\n'}
[11.549515] (yolo_msgs) StdoutLine: {'line': b'-- Installing: /ros2_ws/install/yolo_msgs/share/yolo_msgs/srv/SetClasses.idl\n'}
[11.549737] (yolo_msgs) StdoutLine: {'line': b'-- Installing: /ros2_ws/install/yolo_msgs/share/yolo_msgs/msg/Point2D.msg\n'}
[11.549993] (yolo_msgs) StdoutLine: {'line': b'-- Installing: /ros2_ws/install/yolo_msgs/share/yolo_msgs/msg/Vector2.msg\n'}
[11.550311] (yolo_msgs) StdoutLine: {'line': b'-- Installing: /ros2_ws/install/yolo_msgs/share/yolo_msgs/msg/Pose2D.msg\n'}
[11.550550] (yolo_msgs) StdoutLine: {'line': b'-- Installing: /ros2_ws/install/yolo_msgs/share/yolo_msgs/msg/BoundingBox2D.msg\n'}
[11.550753] (yolo_msgs) StdoutLine: {'line': b'-- Installing: /ros2_ws/install/yolo_msgs/share/yolo_msgs/msg/BoundingBox3D.msg\n'}
[11.551082] (yolo_msgs) StdoutLine: {'line': b'-- Installing: /ros2_ws/install/yolo_msgs/share/yolo_msgs/msg/Mask.msg\n'}
[11.551331] (yolo_msgs) StdoutLine: {'line': b'-- Installing: /ros2_ws/install/yolo_msgs/share/yolo_msgs/msg/KeyPoint2D.msg\n'}
[11.551554] (yolo_msgs) StdoutLine: {'line': b'-- Installing: /ros2_ws/install/yolo_msgs/share/yolo_msgs/msg/KeyPoint2DArray.msg\n'}
[11.551773] (yolo_msgs) StdoutLine: {'line': b'-- Installing: /ros2_ws/install/yolo_msgs/share/yolo_msgs/msg/KeyPoint3D.msg\n'}
[11.552001] (yolo_msgs) StdoutLine: {'line': b'-- Installing: /ros2_ws/install/yolo_msgs/share/yolo_msgs/msg/KeyPoint3DArray.msg\n'}
[11.552258] (yolo_msgs) StdoutLine: {'line': b'-- Installing: /ros2_ws/install/yolo_msgs/share/yolo_msgs/msg/Detection.msg\n'}
[11.552505] (yolo_msgs) StdoutLine: {'line': b'-- Installing: /ros2_ws/install/yolo_msgs/share/yolo_msgs/msg/DetectionArray.msg\n'}
[11.552745] (yolo_msgs) StdoutLine: {'line': b'-- Installing: /ros2_ws/install/yolo_msgs/share/yolo_msgs/srv/SetClasses.srv\n'}
[11.552974] (yolo_msgs) StdoutLine: {'line': b'-- Installing: /ros2_ws/install/yolo_msgs/share/yolo_msgs/srv/SetClasses_Request.msg\n'}
[11.553235] (yolo_msgs) StdoutLine: {'line': b'-- Installing: /ros2_ws/install/yolo_msgs/share/yolo_msgs/srv/SetClasses_Response.msg\n'}
[11.554217] (yolo_msgs) StdoutLine: {'line': b'-- Installing: /ros2_ws/install/yolo_msgs/share/ament_index/resource_index/package_run_dependencies/yolo_msgs\n'}
[11.554970] (yolo_msgs) StdoutLine: {'line': b'-- Installing: /ros2_ws/install/yolo_msgs/share/ament_index/resource_index/parent_prefix_path/yolo_msgs\n'}
[11.555129] (yolo_msgs) StdoutLine: {'line': b'-- Installing: /ros2_ws/install/yolo_msgs/share/yolo_msgs/environment/ament_prefix_path.sh\n'}
[11.555374] (yolo_msgs) StdoutLine: {'line': b'-- Installing: /ros2_ws/install/yolo_msgs/share/yolo_msgs/environment/ament_prefix_path.dsv\n'}
[11.555613] (yolo_msgs) StdoutLine: {'line': b'-- Installing: /ros2_ws/install/yolo_msgs/share/yolo_msgs/environment/path.sh\n'}
[11.555834] (yolo_msgs) StdoutLine: {'line': b'-- Installing: /ros2_ws/install/yolo_msgs/share/yolo_msgs/environment/path.dsv\n'}
[11.556008] (yolo_msgs) StdoutLine: {'line': b'-- Installing: /ros2_ws/install/yolo_msgs/share/yolo_msgs/local_setup.bash\n'}
[11.556208] (yolo_msgs) StdoutLine: {'line': b'-- Installing: /ros2_ws/install/yolo_msgs/share/yolo_msgs/local_setup.sh\n'}
[11.556439] (yolo_msgs) StdoutLine: {'line': b'-- Installing: /ros2_ws/install/yolo_msgs/share/yolo_msgs/local_setup.zsh\n'}
[11.556808] (yolo_msgs) StdoutLine: {'line': b'-- Installing: /ros2_ws/install/yolo_msgs/share/yolo_msgs/local_setup.dsv\n'}
[11.557043] (yolo_msgs) StdoutLine: {'line': b'-- Installing: /ros2_ws/install/yolo_msgs/share/yolo_msgs/package.dsv\n'}
[11.557813] (yolo_msgs) StdoutLine: {'line': b'-- Installing: /ros2_ws/install/yolo_msgs/share/ament_index/resource_index/packages/yolo_msgs\n'}
[11.558556] (yolo_msgs) StdoutLine: {'line': b'-- Installing: /ros2_ws/install/yolo_msgs/share/yolo_msgs/cmake/export_yolo_msgs__rosidl_generator_cExport.cmake\n'}
[11.558773] (yolo_msgs) StdoutLine: {'line': b'-- Installing: /ros2_ws/install/yolo_msgs/share/yolo_msgs/cmake/export_yolo_msgs__rosidl_generator_cExport-noconfig.cmake\n'}
[11.559009] (yolo_msgs) StdoutLine: {'line': b'-- Installing: /ros2_ws/install/yolo_msgs/share/yolo_msgs/cmake/export_yolo_msgs__rosidl_typesupport_fastrtps_cExport.cmake\n'}
[11.559175] (-) TimerEvent: {}
[11.559392] (yolo_msgs) StdoutLine: {'line': b'-- Installing: /ros2_ws/install/yolo_msgs/share/yolo_msgs/cmake/export_yolo_msgs__rosidl_typesupport_fastrtps_cExport-noconfig.cmake\n'}
[11.559550] (yolo_msgs) StdoutLine: {'line': b'-- Installing: /ros2_ws/install/yolo_msgs/share/yolo_msgs/cmake/yolo_msgs__rosidl_typesupport_introspection_cExport.cmake\n'}
[11.559778] (yolo_msgs) StdoutLine: {'line': b'-- Installing: /ros2_ws/install/yolo_msgs/share/yolo_msgs/cmake/yolo_msgs__rosidl_typesupport_introspection_cExport-noconfig.cmake\n'}
[11.560068] (yolo_msgs) StdoutLine: {'line': b'-- Installing: /ros2_ws/install/yolo_msgs/share/yolo_msgs/cmake/yolo_msgs__rosidl_typesupport_cExport.cmake\n'}
[11.560318] (yolo_msgs) StdoutLine: {'line': b'-- Installing: /ros2_ws/install/yolo_msgs/share/yolo_msgs/cmake/yolo_msgs__rosidl_typesupport_cExport-noconfig.cmake\n'}
[11.560599] (yolo_msgs) StdoutLine: {'line': b'-- Installing: /ros2_ws/install/yolo_msgs/share/yolo_msgs/cmake/export_yolo_msgs__rosidl_generator_cppExport.cmake\n'}
[11.560868] (yolo_msgs) StdoutLine: {'line': b'-- Installing: /ros2_ws/install/yolo_msgs/share/yolo_msgs/cmake/export_yolo_msgs__rosidl_typesupport_fastrtps_cppExport.cmake\n'}
[11.561349] (yolo_msgs) StdoutLine: {'line': b'-- Installing: /ros2_ws/install/yolo_msgs/share/yolo_msgs/cmake/export_yolo_msgs__rosidl_typesupport_fastrtps_cppExport-noconfig.cmake\n'}
[11.561615] (yolo_msgs) StdoutLine: {'line': b'-- Installing: /ros2_ws/install/yolo_msgs/share/yolo_msgs/cmake/yolo_msgs__rosidl_typesupport_introspection_cppExport.cmake\n'}
[11.561851] (yolo_msgs) StdoutLine: {'line': b'-- Installing: /ros2_ws/install/yolo_msgs/share/yolo_msgs/cmake/yolo_msgs__rosidl_typesupport_introspection_cppExport-noconfig.cmake\n'}
[11.562147] (yolo_msgs) StdoutLine: {'line': b'-- Installing: /ros2_ws/install/yolo_msgs/share/yolo_msgs/cmake/yolo_msgs__rosidl_typesupport_cppExport.cmake\n'}
[11.562393] (yolo_msgs) StdoutLine: {'line': b'-- Installing: /ros2_ws/install/yolo_msgs/share/yolo_msgs/cmake/yolo_msgs__rosidl_typesupport_cppExport-noconfig.cmake\n'}
[11.562823] (yolo_msgs) StdoutLine: {'line': b'-- Installing: /ros2_ws/install/yolo_msgs/share/yolo_msgs/cmake/export_yolo_msgs__rosidl_generator_pyExport.cmake\n'}
[11.563001] (yolo_msgs) StdoutLine: {'line': b'-- Installing: /ros2_ws/install/yolo_msgs/share/yolo_msgs/cmake/export_yolo_msgs__rosidl_generator_pyExport-noconfig.cmake\n'}
[11.563285] (yolo_msgs) StdoutLine: {'line': b'-- Installing: /ros2_ws/install/yolo_msgs/share/yolo_msgs/cmake/rosidl_cmake-extras.cmake\n'}
[11.563545] (yolo_msgs) StdoutLine: {'line': b'-- Installing: /ros2_ws/install/yolo_msgs/share/yolo_msgs/cmake/ament_cmake_export_dependencies-extras.cmake\n'}
[11.563806] (yolo_msgs) StdoutLine: {'line': b'-- Installing: /ros2_ws/install/yolo_msgs/share/yolo_msgs/cmake/ament_cmake_export_include_directories-extras.cmake\n'}
[11.564080] (yolo_msgs) StdoutLine: {'line': b'-- Installing: /ros2_ws/install/yolo_msgs/share/yolo_msgs/cmake/ament_cmake_export_libraries-extras.cmake\n'}
[11.564333] (yolo_msgs) StdoutLine: {'line': b'-- Installing: /ros2_ws/install/yolo_msgs/share/yolo_msgs/cmake/ament_cmake_export_targets-extras.cmake\n'}
[11.564606] (yolo_msgs) StdoutLine: {'line': b'-- Installing: /ros2_ws/install/yolo_msgs/share/yolo_msgs/cmake/rosidl_cmake_export_typesupport_targets-extras.cmake\n'}
[11.564869] (yolo_msgs) StdoutLine: {'line': b'-- Installing: /ros2_ws/install/yolo_msgs/share/yolo_msgs/cmake/rosidl_cmake_export_typesupport_libraries-extras.cmake\n'}
[11.565169] (yolo_msgs) StdoutLine: {'line': b'-- Installing: /ros2_ws/install/yolo_msgs/share/yolo_msgs/cmake/yolo_msgsConfig.cmake\n'}
[11.565393] (yolo_msgs) StdoutLine: {'line': b'-- Installing: /ros2_ws/install/yolo_msgs/share/yolo_msgs/cmake/yolo_msgsConfig-version.cmake\n'}
[11.565665] (yolo_msgs) StdoutLine: {'line': b'-- Installing: /ros2_ws/install/yolo_msgs/share/yolo_msgs/package.xml\n'}
[11.569553] (yolo_msgs) CommandEnded: {'returncode': 0}
[11.601746] (yolo_msgs) JobEnded: {'identifier': 'yolo_msgs', 'rc': 0}
[11.603495] (yolo_ros) JobStarted: {'identifier': 'yolo_ros'}
[11.659391] (-) TimerEvent: {}
[11.759983] (-) TimerEvent: {}
[11.860478] (-) TimerEvent: {}
[11.961018] (-) TimerEvent: {}
[12.061536] (-) TimerEvent: {}
[12.162035] (-) TimerEvent: {}
[12.262491] (-) TimerEvent: {}
[12.267126] (yolo_ros) Command: {'cmd': ['/usr/bin/python3', '-W', 'ignore:setup.py install is deprecated', '-W', 'ignore:easy_install command is deprecated', 'setup.py', 'egg_info', '--egg-base', '../../../build/yolo_ros', 'build', '--build-base', '/ros2_ws/build/yolo_ros/build', 'install', '--record', '/ros2_ws/build/yolo_ros/install.log', '--single-version-externally-managed', 'install_data'], 'cwd': '/ros2_ws/src/yolo_ros/yolo_ros', 'env': {'HOSTNAME': 'docker-desktop', 'SHLVL': '1', 'LD_LIBRARY_PATH': '/ros2_ws/install/yolo_msgs/lib:/opt/ros/humble/opt/rviz_ogre_vendor/lib:/opt/ros/humble/lib/x86_64-linux-gnu:/opt/ros/humble/lib', 'HOME': '/root', 'ROS_PYTHON_VERSION': '3', 'ROS_DISTRO': 'humble', '_': '/usr/bin/colcon', 'ROS_VERSION': '2', 'TERM': 'xterm', 'ROS_LOCALHOST_ONLY': '0', 'PATH': '/opt/ros/humble/bin:/usr/local/sbin:/usr/local/bin:/usr/sbin:/usr/bin:/sbin:/bin', 'LANG': 'C.UTF-8', 'LS_COLORS': 'rs=0:di=01;34:ln=01;36:mh=00:pi=40;33:so=01;35:do=01;35:bd=40;33;01:cd=40;33;01:or=40;31;01:mi=00:su=37;41:sg=30;43:ca=30;41:tw=30;42:ow=34;42:st=37;44:ex=01;32:*.tar=01;31:*.tgz=01;31:*.arc=01;31:*.arj=01;31:*.taz=01;31:*.lha=01;31:*.lz4=01;31:*.lzh=01;31:*.lzma=01;31:*.tlz=01;31:*.txz=01;31:*.tzo=01;31:*.t7z=01;31:*.zip=01;31:*.z=01;31:*.dz=01;31:*.gz=01;31:*.lrz=01;31:*.lz=01;31:*.lzo=01;31:*.xz=01;31:*.zst=01;31:*.tzst=01;31:*.bz2=01;31:*.bz=01;31:*.tbz=01;31:*.tbz2=01;31:*.tz=01;31:*.deb=01;31:*.rpm=01;31:*.jar=01;31:*.war=01;31:*.ear=01;31:*.sar=01;31:*.rar=01;31:*.alz=01;31:*.ace=01;31:*.zoo=01;31:*.cpio=01;31:*.7z=01;31:*.rz=01;31:*.cab=01;31:*.wim=01;31:*.swm=01;31:*.dwm=01;31:*.esd=01;31:*.jpg=01;35:*.jpeg=01;35:*.mjpg=01;35:*.mjpeg=01;35:*.gif=01;35:*.bmp=01;35:*.pbm=01;35:*.pgm=01;35:*.ppm=01;35:*.tga=01;35:*.xbm=01;35:*.xpm=01;35:*.tif=01;35:*.tiff=01;35:*.png=01;35:*.svg=01;35:*.svgz=01;35:*.mng=01;35:*.pcx=01;35:*.mov=01;35:*.mpg=01;35:*.mpeg=01;35:*.m2v=01;35:*.mkv=01;35:*.webm=01;35:*.webp=01;35:*.ogm=01;35:*.mp4=01;35:*.m4v=01;35:*.mp4v=01;35:*.vob=01;35:*.qt=01;35:*.nuv=01;35:*.wmv=01;35:*.asf=01;35:*.rm=01;35:*.rmvb=01;35:*.flc=01;35:*.avi=01;35:*.fli=01;35:*.flv=01;35:*.gl=01;35:*.dl=01;35:*.xcf=01;35:*.xwd=01;35:*.yuv=01;35:*.cgm=01;35:*.emf=01;35:*.ogv=01;35:*.ogx=01;35:*.aac=00;36:*.au=00;36:*.flac=00;36:*.m4a=00;36:*.mid=00;36:*.midi=00;36:*.mka=00;36:*.mp3=00;36:*.mpc=00;36:*.ogg=00;36:*.ra=00;36:*.wav=00;36:*.oga=00;36:*.opus=00;36:*.spx=00;36:*.xspf=00;36:', 'AMENT_PREFIX_PATH': '/ros2_ws/install/yolo_msgs:/opt/ros/humble', 'PWD': '/ros2_ws/build/yolo_ros', 'LC_ALL': 'C.UTF-8', 'PYTHONPATH': '/ros2_ws/build/yolo_ros/prefix_override:/usr/lib/python3/dist-packages/colcon_core/task/python/colcon_distutils_commands:/ros2_ws/install/yolo_ros/lib/python3.10/site-packages:/ros2_ws/install/yolo_msgs/local/lib/python3.10/dist-packages:/opt/ros/humble/lib/python3.10/site-packages:/opt/ros/humble/local/lib/python3.10/dist-packages', 'COLCON': '1', 'CMAKE_PREFIX_PATH': '/ros2_ws/install/yolo_msgs'}, 'shell': False}
[12.362660] (-) TimerEvent: {}
[12.463152] (-) TimerEvent: {}
[12.480402] (yolo_ros) StdoutLine: {'line': b'running egg_info\n'}
[12.481033] (yolo_ros) StdoutLine: {'line': b'creating ../../../build/yolo_ros/yolo_ros.egg-info\n'}
[12.482577] (yolo_ros) StdoutLine: {'line': b'writing ../../../build/yolo_ros/yolo_ros.egg-info/PKG-INFO\n'}
[12.482957] (yolo_ros) StdoutLine: {'line': b'writing dependency_links to ../../../build/yolo_ros/yolo_ros.egg-info/dependency_links.txt\n'}
[12.483226] (yolo_ros) StdoutLine: {'line': b'writing entry points to ../../../build/yolo_ros/yolo_ros.egg-info/entry_points.txt\n'}
[12.483419] (yolo_ros) StdoutLine: {'line': b'writing requirements to ../../../build/yolo_ros/yolo_ros.egg-info/requires.txt\n'}
[12.483536] (yolo_ros) StdoutLine: {'line': b'writing top-level names to ../../../build/yolo_ros/yolo_ros.egg-info/top_level.txt\n'}
[12.483763] (yolo_ros) StdoutLine: {'line': b"writing manifest file '../../../build/yolo_ros/yolo_ros.egg-info/SOURCES.txt'\n"}
[12.486042] (yolo_ros) StdoutLine: {'line': b"reading manifest file '../../../build/yolo_ros/yolo_ros.egg-info/SOURCES.txt'\n"}
[12.486786] (yolo_ros) StdoutLine: {'line': b"writing manifest file '../../../build/yolo_ros/yolo_ros.egg-info/SOURCES.txt'\n"}
[12.487122] (yolo_ros) StdoutLine: {'line': b'running build\n'}
[12.487450] (yolo_ros) StdoutLine: {'line': b'running build_py\n'}
[12.487637] (yolo_ros) StdoutLine: {'line': b'creating /ros2_ws/build/yolo_ros/build\n'}
[12.488226] (yolo_ros) StdoutLine: {'line': b'creating /ros2_ws/build/yolo_ros/build/lib\n'}
[12.489072] (yolo_ros) StdoutLine: {'line': b'creating /ros2_ws/build/yolo_ros/build/lib/yolo_ros\n'}
[12.489818] (yolo_ros) StdoutLine: {'line': b'copying yolo_ros/__init__.py -> /ros2_ws/build/yolo_ros/build/lib/yolo_ros\n'}
[12.490109] (yolo_ros) StdoutLine: {'line': b'copying yolo_ros/detect_3d_node.py -> /ros2_ws/build/yolo_ros/build/lib/yolo_ros\n'}
[12.490638] (yolo_ros) StdoutLine: {'line': b'copying yolo_ros/debug_node.py -> /ros2_ws/build/yolo_ros/build/lib/yolo_ros\n'}
[12.491000] (yolo_ros) StdoutLine: {'line': b'copying yolo_ros/tracking_node.py -> /ros2_ws/build/yolo_ros/build/lib/yolo_ros\n'}
[12.491240] (yolo_ros) StdoutLine: {'line': b'copying yolo_ros/yolo_node.py -> /ros2_ws/build/yolo_ros/build/lib/yolo_ros\n'}
[12.491741] (yolo_ros) StdoutLine: {'line': b'running install\n'}
[12.492497] (yolo_ros) StdoutLine: {'line': b'running install_lib\n'}
[12.493996] (yolo_ros) StdoutLine: {'line': b'creating /ros2_ws/install/yolo_ros/lib/python3.10/site-packages/yolo_ros\n'}
[12.495401] (yolo_ros) StdoutLine: {'line': b'copying /ros2_ws/build/yolo_ros/build/lib/yolo_ros/__init__.py -> /ros2_ws/install/yolo_ros/lib/python3.10/site-packages/yolo_ros\n'}
[12.496199] (yolo_ros) StdoutLine: {'line': b'copying /ros2_ws/build/yolo_ros/build/lib/yolo_ros/detect_3d_node.py -> /ros2_ws/install/yolo_ros/lib/python3.10/site-packages/yolo_ros\n'}
[12.496731] (yolo_ros) StdoutLine: {'line': b'copying /ros2_ws/build/yolo_ros/build/lib/yolo_ros/debug_node.py -> /ros2_ws/install/yolo_ros/lib/python3.10/site-packages/yolo_ros\n'}
[12.496921] (yolo_ros) StdoutLine: {'line': b'copying /ros2_ws/build/yolo_ros/build/lib/yolo_ros/tracking_node.py -> /ros2_ws/install/yolo_ros/lib/python3.10/site-packages/yolo_ros\n'}
[12.497292] (yolo_ros) StdoutLine: {'line': b'copying /ros2_ws/build/yolo_ros/build/lib/yolo_ros/yolo_node.py -> /ros2_ws/install/yolo_ros/lib/python3.10/site-packages/yolo_ros\n'}
[12.498319] (yolo_ros) StdoutLine: {'line': b'byte-compiling /ros2_ws/install/yolo_ros/lib/python3.10/site-packages/yolo_ros/__init__.py to __init__.cpython-310.pyc\n'}
[12.499662] (yolo_ros) StdoutLine: {'line': b'byte-compiling /ros2_ws/install/yolo_ros/lib/python3.10/site-packages/yolo_ros/detect_3d_node.py to detect_3d_node.cpython-310.pyc\n'}
[12.509508] (yolo_ros) StdoutLine: {'line': b'byte-compiling /ros2_ws/install/yolo_ros/lib/python3.10/site-packages/yolo_ros/debug_node.py to debug_node.cpython-310.pyc\n'}
[12.512519] (yolo_ros) StdoutLine: {'line': b'byte-compiling /ros2_ws/install/yolo_ros/lib/python3.10/site-packages/yolo_ros/tracking_node.py to tracking_node.cpython-310.pyc\n'}
[12.514071] (yolo_ros) StdoutLine: {'line': b'byte-compiling /ros2_ws/install/yolo_ros/lib/python3.10/site-packages/yolo_ros/yolo_node.py to yolo_node.cpython-310.pyc\n'}
[12.516347] (yolo_ros) StdoutLine: {'line': b'running install_data\n'}
[12.516800] (yolo_ros) StdoutLine: {'line': b'creating /ros2_ws/install/yolo_ros/share/ament_index\n'}
[12.518151] (yolo_ros) StdoutLine: {'line': b'creating /ros2_ws/install/yolo_ros/share/ament_index/resource_index\n'}
[12.518794] (yolo_ros) StdoutLine: {'line': b'creating /ros2_ws/install/yolo_ros/share/ament_index/resource_index/packages\n'}
[12.519513] (yolo_ros) StdoutLine: {'line': b'copying resource/yolo_ros -> /ros2_ws/install/yolo_ros/share/ament_index/resource_index/packages\n'}
[12.519765] (yolo_ros) StdoutLine: {'line': b'copying package.xml -> /ros2_ws/install/yolo_ros/share/yolo_ros\n'}
[12.519991] (yolo_ros) StdoutLine: {'line': b'running install_egg_info\n'}
[12.522387] (yolo_ros) StdoutLine: {'line': b'Copying ../../../build/yolo_ros/yolo_ros.egg-info to /ros2_ws/install/yolo_ros/lib/python3.10/site-packages/yolo_ros-4.6.0-py3.10.egg-info\n'}
[12.524792] (yolo_ros) StdoutLine: {'line': b'running install_scripts\n'}
[12.553393] (yolo_ros) StdoutLine: {'line': b'Installing debug_node script to /ros2_ws/install/yolo_ros/lib/yolo_ros\n'}
[12.554561] (yolo_ros) StdoutLine: {'line': b'Installing detect_3d_node script to /ros2_ws/install/yolo_ros/lib/yolo_ros\n'}
[12.554841] (yolo_ros) StdoutLine: {'line': b'Installing tracking_node script to /ros2_ws/install/yolo_ros/lib/yolo_ros\n'}
[12.555068] (yolo_ros) StdoutLine: {'line': b'Installing yolo_node script to /ros2_ws/install/yolo_ros/lib/yolo_ros\n'}
[12.555365] (yolo_ros) StdoutLine: {'line': b"writing list of installed files to '/ros2_ws/build/yolo_ros/install.log'\n"}
[12.563289] (-) TimerEvent: {}
[12.599938] (yolo_ros) CommandEnded: {'returncode': 0}
[12.607969] (yolo_ros) JobEnded: {'identifier': 'yolo_ros', 'rc': 0}
[12.609862] (yolo_bringup) JobStarted: {'identifier': 'yolo_bringup'}
[12.622365] (yolo_bringup) JobProgress: {'identifier': 'yolo_bringup', 'progress': 'cmake'}
[12.625021] (yolo_bringup) Command: {'cmd': ['/usr/bin/cmake', '/ros2_ws/src/yolo_ros/yolo_bringup', '-DCMAKE_INSTALL_PREFIX=/ros2_ws/install/yolo_bringup'], 'cwd': '/ros2_ws/build/yolo_bringup', 'env': OrderedDict([('HOSTNAME', 'docker-desktop'), ('SHLVL', '1'), ('LD_LIBRARY_PATH', '/ros2_ws/install/yolo_msgs/lib:/opt/ros/humble/opt/rviz_ogre_vendor/lib:/opt/ros/humble/lib/x86_64-linux-gnu:/opt/ros/humble/lib'), ('HOME', '/root'), ('ROS_PYTHON_VERSION', '3'), ('ROS_DISTRO', 'humble'), ('_', '/usr/bin/colcon'), ('ROS_VERSION', '2'), ('TERM', 'xterm'), ('ROS_LOCALHOST_ONLY', '0'), ('PATH', '/opt/ros/humble/bin:/usr/local/sbin:/usr/local/bin:/usr/sbin:/usr/bin:/sbin:/bin'), ('LANG', 'C.UTF-8'), ('LS_COLORS', 'rs=0:di=01;34:ln=01;36:mh=00:pi=40;33:so=01;35:do=01;35:bd=40;33;01:cd=40;33;01:or=40;31;01:mi=00:su=37;41:sg=30;43:ca=30;41:tw=30;42:ow=34;42:st=37;44:ex=01;32:*.tar=01;31:*.tgz=01;31:*.arc=01;31:*.arj=01;31:*.taz=01;31:*.lha=01;31:*.lz4=01;31:*.lzh=01;31:*.lzma=01;31:*.tlz=01;31:*.txz=01;31:*.tzo=01;31:*.t7z=01;31:*.zip=01;31:*.z=01;31:*.dz=01;31:*.gz=01;31:*.lrz=01;31:*.lz=01;31:*.lzo=01;31:*.xz=01;31:*.zst=01;31:*.tzst=01;31:*.bz2=01;31:*.bz=01;31:*.tbz=01;31:*.tbz2=01;31:*.tz=01;31:*.deb=01;31:*.rpm=01;31:*.jar=01;31:*.war=01;31:*.ear=01;31:*.sar=01;31:*.rar=01;31:*.alz=01;31:*.ace=01;31:*.zoo=01;31:*.cpio=01;31:*.7z=01;31:*.rz=01;31:*.cab=01;31:*.wim=01;31:*.swm=01;31:*.dwm=01;31:*.esd=01;31:*.jpg=01;35:*.jpeg=01;35:*.mjpg=01;35:*.mjpeg=01;35:*.gif=01;35:*.bmp=01;35:*.pbm=01;35:*.pgm=01;35:*.ppm=01;35:*.tga=01;35:*.xbm=01;35:*.xpm=01;35:*.tif=01;35:*.tiff=01;35:*.png=01;35:*.svg=01;35:*.svgz=01;35:*.mng=01;35:*.pcx=01;35:*.mov=01;35:*.mpg=01;35:*.mpeg=01;35:*.m2v=01;35:*.mkv=01;35:*.webm=01;35:*.webp=01;35:*.ogm=01;35:*.mp4=01;35:*.m4v=01;35:*.mp4v=01;35:*.vob=01;35:*.qt=01;35:*.nuv=01;35:*.wmv=01;35:*.asf=01;35:*.rm=01;35:*.rmvb=01;35:*.flc=01;35:*.avi=01;35:*.fli=01;35:*.flv=01;35:*.gl=01;35:*.dl=01;35:*.xcf=01;35:*.xwd=01;35:*.yuv=01;35:*.cgm=01;35:*.emf=01;35:*.ogv=01;35:*.ogx=01;35:*.aac=00;36:*.au=00;36:*.flac=00;36:*.m4a=00;36:*.mid=00;36:*.midi=00;36:*.mka=00;36:*.mp3=00;36:*.mpc=00;36:*.ogg=00;36:*.ra=00;36:*.wav=00;36:*.oga=00;36:*.opus=00;36:*.spx=00;36:*.xspf=00;36:'), ('AMENT_PREFIX_PATH', '/ros2_ws/install/yolo_ros:/ros2_ws/install/yolo_msgs:/opt/ros/humble'), ('PWD', '/ros2_ws/build/yolo_bringup'), ('LC_ALL', 'C.UTF-8'), ('PYTHONPATH', '/ros2_ws/install/yolo_ros/lib/python3.10/site-packages:/ros2_ws/install/yolo_msgs/local/lib/python3.10/dist-packages:/opt/ros/humble/lib/python3.10/site-packages:/opt/ros/humble/local/lib/python3.10/dist-packages'), ('COLCON', '1'), ('CMAKE_PREFIX_PATH', '/ros2_ws/install/yolo_msgs:/opt/ros/humble')]), 'shell': False}
[12.663442] (-) TimerEvent: {}
[12.690314] (yolo_bringup) StdoutLine: {'line': b'-- The C compiler identification is GNU 11.4.0\n'}
[12.750491] (yolo_bringup) StdoutLine: {'line': b'-- The CXX compiler identification is GNU 11.4.0\n'}
[12.758027] (yolo_bringup) StdoutLine: {'line': b'-- Detecting C compiler ABI info\n'}
[12.763568] (-) TimerEvent: {}
[12.842514] (yolo_bringup) StdoutLine: {'line': b'-- Detecting C compiler ABI info - done\n'}
[12.848687] (yolo_bringup) StdoutLine: {'line': b'-- Check for working C compiler: /usr/bin/cc - skipped\n'}
[12.848971] (yolo_bringup) StdoutLine: {'line': b'-- Detecting C compile features\n'}
[12.849301] (yolo_bringup) StdoutLine: {'line': b'-- Detecting C compile features - done\n'}
[12.852355] (yolo_bringup) StdoutLine: {'line': b'-- Detecting CXX compiler ABI info\n'}
[12.863697] (-) TimerEvent: {}
[12.948123] (yolo_bringup) StdoutLine: {'line': b'-- Detecting CXX compiler ABI info - done\n'}
[12.954050] (yolo_bringup) StdoutLine: {'line': b'-- Check for working CXX compiler: /usr/bin/c++ - skipped\n'}
[12.954457] (yolo_bringup) StdoutLine: {'line': b'-- Detecting CXX compile features\n'}
[12.954973] (yolo_bringup) StdoutLine: {'line': b'-- Detecting CXX compile features - done\n'}
[12.958048] (yolo_bringup) StdoutLine: {'line': b'-- Found ament_cmake: 1.3.14 (/opt/ros/humble/share/ament_cmake/cmake)\n'}
[12.963821] (-) TimerEvent: {}
[13.064262] (-) TimerEvent: {}
[13.148887] (yolo_bringup) StdoutLine: {'line': b'-- Found Python3: /usr/bin/python3 (found version "3.10.12") found components: Interpreter \n'}
[13.164410] (-) TimerEvent: {}
[13.264854] (-) TimerEvent: {}
[13.312935] (yolo_bringup) StdoutLine: {'line': b'-- Configuring done\n'}
[13.320834] (yolo_bringup) StdoutLine: {'line': b'-- Generating done\n'}
[13.322911] (yolo_bringup) StdoutLine: {'line': b'-- Build files have been written to: /ros2_ws/build/yolo_bringup\n'}
[13.328389] (yolo_bringup) CommandEnded: {'returncode': 0}
[13.329068] (yolo_bringup) JobProgress: {'identifier': 'yolo_bringup', 'progress': 'build'}
[13.329382] (yolo_bringup) Command: {'cmd': ['/usr/bin/cmake', '--build', '/ros2_ws/build/yolo_bringup', '--', '-j16', '-l16'], 'cwd': '/ros2_ws/build/yolo_bringup', 'env': OrderedDict([('HOSTNAME', 'docker-desktop'), ('SHLVL', '1'), ('LD_LIBRARY_PATH', '/ros2_ws/install/yolo_msgs/lib:/opt/ros/humble/opt/rviz_ogre_vendor/lib:/opt/ros/humble/lib/x86_64-linux-gnu:/opt/ros/humble/lib'), ('HOME', '/root'), ('ROS_PYTHON_VERSION', '3'), ('ROS_DISTRO', 'humble'), ('_', '/usr/bin/colcon'), ('ROS_VERSION', '2'), ('TERM', 'xterm'), ('ROS_LOCALHOST_ONLY', '0'), ('PATH', '/opt/ros/humble/bin:/usr/local/sbin:/usr/local/bin:/usr/sbin:/usr/bin:/sbin:/bin'), ('LANG', 'C.UTF-8'), ('LS_COLORS', 'rs=0:di=01;34:ln=01;36:mh=00:pi=40;33:so=01;35:do=01;35:bd=40;33;01:cd=40;33;01:or=40;31;01:mi=00:su=37;41:sg=30;43:ca=30;41:tw=30;42:ow=34;42:st=37;44:ex=01;32:*.tar=01;31:*.tgz=01;31:*.arc=01;31:*.arj=01;31:*.taz=01;31:*.lha=01;31:*.lz4=01;31:*.lzh=01;31:*.lzma=01;31:*.tlz=01;31:*.txz=01;31:*.tzo=01;31:*.t7z=01;31:*.zip=01;31:*.z=01;31:*.dz=01;31:*.gz=01;31:*.lrz=01;31:*.lz=01;31:*.lzo=01;31:*.xz=01;31:*.zst=01;31:*.tzst=01;31:*.bz2=01;31:*.bz=01;31:*.tbz=01;31:*.tbz2=01;31:*.tz=01;31:*.deb=01;31:*.rpm=01;31:*.jar=01;31:*.war=01;31:*.ear=01;31:*.sar=01;31:*.rar=01;31:*.alz=01;31:*.ace=01;31:*.zoo=01;31:*.cpio=01;31:*.7z=01;31:*.rz=01;31:*.cab=01;31:*.wim=01;31:*.swm=01;31:*.dwm=01;31:*.esd=01;31:*.jpg=01;35:*.jpeg=01;35:*.mjpg=01;35:*.mjpeg=01;35:*.gif=01;35:*.bmp=01;35:*.pbm=01;35:*.pgm=01;35:*.ppm=01;35:*.tga=01;35:*.xbm=01;35:*.xpm=01;35:*.tif=01;35:*.tiff=01;35:*.png=01;35:*.svg=01;35:*.svgz=01;35:*.mng=01;35:*.pcx=01;35:*.mov=01;35:*.mpg=01;35:*.mpeg=01;35:*.m2v=01;35:*.mkv=01;35:*.webm=01;35:*.webp=01;35:*.ogm=01;35:*.mp4=01;35:*.m4v=01;35:*.mp4v=01;35:*.vob=01;35:*.qt=01;35:*.nuv=01;35:*.wmv=01;35:*.asf=01;35:*.rm=01;35:*.rmvb=01;35:*.flc=01;35:*.avi=01;35:*.fli=01;35:*.flv=01;35:*.gl=01;35:*.dl=01;35:*.xcf=01;35:*.xwd=01;35:*.yuv=01;35:*.cgm=01;35:*.emf=01;35:*.ogv=01;35:*.ogx=01;35:*.aac=00;36:*.au=00;36:*.flac=00;36:*.m4a=00;36:*.mid=00;36:*.midi=00;36:*.mka=00;36:*.mp3=00;36:*.mpc=00;36:*.ogg=00;36:*.ra=00;36:*.wav=00;36:*.oga=00;36:*.opus=00;36:*.spx=00;36:*.xspf=00;36:'), ('AMENT_PREFIX_PATH', '/ros2_ws/install/yolo_ros:/ros2_ws/install/yolo_msgs:/opt/ros/humble'), ('PWD', '/ros2_ws/build/yolo_bringup'), ('LC_ALL', 'C.UTF-8'), ('PYTHONPATH', '/ros2_ws/install/yolo_ros/lib/python3.10/site-packages:/ros2_ws/install/yolo_msgs/local/lib/python3.10/dist-packages:/opt/ros/humble/lib/python3.10/site-packages:/opt/ros/humble/local/lib/python3.10/dist-packages'), ('COLCON', '1'), ('CMAKE_PREFIX_PATH', '/ros2_ws/install/yolo_msgs:/opt/ros/humble')]), 'shell': False}
[13.364986] (-) TimerEvent: {}
[13.378917] (yolo_bringup) CommandEnded: {'returncode': 0}
[13.379716] (yolo_bringup) JobProgress: {'identifier': 'yolo_bringup', 'progress': 'install'}
[13.380118] (yolo_bringup) Command: {'cmd': ['/usr/bin/cmake', '--install', '/ros2_ws/build/yolo_bringup'], 'cwd': '/ros2_ws/build/yolo_bringup', 'env': OrderedDict([('HOSTNAME', 'docker-desktop'), ('SHLVL', '1'), ('LD_LIBRARY_PATH', '/ros2_ws/install/yolo_msgs/lib:/opt/ros/humble/opt/rviz_ogre_vendor/lib:/opt/ros/humble/lib/x86_64-linux-gnu:/opt/ros/humble/lib'), ('HOME', '/root'), ('ROS_PYTHON_VERSION', '3'), ('ROS_DISTRO', 'humble'), ('_', '/usr/bin/colcon'), ('ROS_VERSION', '2'), ('TERM', 'xterm'), ('ROS_LOCALHOST_ONLY', '0'), ('PATH', '/opt/ros/humble/bin:/usr/local/sbin:/usr/local/bin:/usr/sbin:/usr/bin:/sbin:/bin'), ('LANG', 'C.UTF-8'), ('LS_COLORS', 'rs=0:di=01;34:ln=01;36:mh=00:pi=40;33:so=01;35:do=01;35:bd=40;33;01:cd=40;33;01:or=40;31;01:mi=00:su=37;41:sg=30;43:ca=30;41:tw=30;42:ow=34;42:st=37;44:ex=01;32:*.tar=01;31:*.tgz=01;31:*.arc=01;31:*.arj=01;31:*.taz=01;31:*.lha=01;31:*.lz4=01;31:*.lzh=01;31:*.lzma=01;31:*.tlz=01;31:*.txz=01;31:*.tzo=01;31:*.t7z=01;31:*.zip=01;31:*.z=01;31:*.dz=01;31:*.gz=01;31:*.lrz=01;31:*.lz=01;31:*.lzo=01;31:*.xz=01;31:*.zst=01;31:*.tzst=01;31:*.bz2=01;31:*.bz=01;31:*.tbz=01;31:*.tbz2=01;31:*.tz=01;31:*.deb=01;31:*.rpm=01;31:*.jar=01;31:*.war=01;31:*.ear=01;31:*.sar=01;31:*.rar=01;31:*.alz=01;31:*.ace=01;31:*.zoo=01;31:*.cpio=01;31:*.7z=01;31:*.rz=01;31:*.cab=01;31:*.wim=01;31:*.swm=01;31:*.dwm=01;31:*.esd=01;31:*.jpg=01;35:*.jpeg=01;35:*.mjpg=01;35:*.mjpeg=01;35:*.gif=01;35:*.bmp=01;35:*.pbm=01;35:*.pgm=01;35:*.ppm=01;35:*.tga=01;35:*.xbm=01;35:*.xpm=01;35:*.tif=01;35:*.tiff=01;35:*.png=01;35:*.svg=01;35:*.svgz=01;35:*.mng=01;35:*.pcx=01;35:*.mov=01;35:*.mpg=01;35:*.mpeg=01;35:*.m2v=01;35:*.mkv=01;35:*.webm=01;35:*.webp=01;35:*.ogm=01;35:*.mp4=01;35:*.m4v=01;35:*.mp4v=01;35:*.vob=01;35:*.qt=01;35:*.nuv=01;35:*.wmv=01;35:*.asf=01;35:*.rm=01;35:*.rmvb=01;35:*.flc=01;35:*.avi=01;35:*.fli=01;35:*.flv=01;35:*.gl=01;35:*.dl=01;35:*.xcf=01;35:*.xwd=01;35:*.yuv=01;35:*.cgm=01;35:*.emf=01;35:*.ogv=01;35:*.ogx=01;35:*.aac=00;36:*.au=00;36:*.flac=00;36:*.m4a=00;36:*.mid=00;36:*.midi=00;36:*.mka=00;36:*.mp3=00;36:*.mpc=00;36:*.ogg=00;36:*.ra=00;36:*.wav=00;36:*.oga=00;36:*.opus=00;36:*.spx=00;36:*.xspf=00;36:'), ('AMENT_PREFIX_PATH', '/ros2_ws/install/yolo_ros:/ros2_ws/install/yolo_msgs:/opt/ros/humble'), ('PWD', '/ros2_ws/build/yolo_bringup'), ('LC_ALL', 'C.UTF-8'), ('PYTHONPATH', '/ros2_ws/install/yolo_ros/lib/python3.10/site-packages:/ros2_ws/install/yolo_msgs/local/lib/python3.10/dist-packages:/opt/ros/humble/lib/python3.10/site-packages:/opt/ros/humble/local/lib/python3.10/dist-packages'), ('COLCON', '1'), ('CMAKE_PREFIX_PATH', '/ros2_ws/install/yolo_msgs:/opt/ros/humble')]), 'shell': False}
[13.392222] (yolo_bringup) StdoutLine: {'line': b'-- Install configuration: ""\n'}
[13.392458] (yolo_bringup) StdoutLine: {'line': b'-- Installing: /ros2_ws/install/yolo_bringup/share/yolo_bringup//launch\n'}
[13.395077] (yolo_bringup) StdoutLine: {'line': b'-- Installing: /ros2_ws/install/yolo_bringup/share/yolo_bringup//launch/yolo.launch.py\n'}
[13.395364] (yolo_bringup) StdoutLine: {'line': b'-- Installing: /ros2_ws/install/yolo_bringup/share/yolo_bringup//launch/yolo-world.launch.py\n'}
[13.395768] (yolo_bringup) StdoutLine: {'line': b'-- Installing: /ros2_ws/install/yolo_bringup/share/yolo_bringup//launch/yolov26.launch.py\n'}
[13.395994] (yolo_bringup) StdoutLine: {'line': b'-- Installing: /ros2_ws/install/yolo_bringup/share/yolo_bringup//launch/yolov11.launch.py\n'}
[13.396237] (yolo_bringup) StdoutLine: {'line': b'-- Installing: /ros2_ws/install/yolo_bringup/share/yolo_bringup//launch/yolov12.launch.py\n'}
[13.396456] (yolo_bringup) StdoutLine: {'line': b'-- Installing: /ros2_ws/install/yolo_bringup/share/yolo_bringup//launch/yolov9.launch.py\n'}
[13.396710] (yolo_bringup) StdoutLine: {'line': b'-- Installing: /ros2_ws/install/yolo_bringup/share/yolo_bringup//launch/yolov10.launch.py\n'}
[13.396939] (yolo_bringup) StdoutLine: {'line': b'-- Installing: /ros2_ws/install/yolo_bringup/share/yolo_bringup//launch/yolov5.launch.py\n'}
[13.397159] (yolo_bringup) StdoutLine: {'line': b'-- Installing: /ros2_ws/install/yolo_bringup/share/yolo_bringup//launch/yoloe.launch.py\n'}
[13.397451] (yolo_bringup) StdoutLine: {'line': b'-- Installing: /ros2_ws/install/yolo_bringup/share/yolo_bringup//launch/yolov8.launch.py\n'}
[13.399126] (yolo_bringup) StdoutLine: {'line': b'-- Installing: /ros2_ws/install/yolo_bringup/share/ament_index/resource_index/package_run_dependencies/yolo_bringup\n'}
[13.399770] (yolo_bringup) StdoutLine: {'line': b'-- Installing: /ros2_ws/install/yolo_bringup/share/ament_index/resource_index/parent_prefix_path/yolo_bringup\n'}
[13.400503] (yolo_bringup) StdoutLine: {'line': b'-- Installing: /ros2_ws/install/yolo_bringup/share/yolo_bringup/environment/ament_prefix_path.sh\n'}
[13.401001] (yolo_bringup) StdoutLine: {'line': b'-- Installing: /ros2_ws/install/yolo_bringup/share/yolo_bringup/environment/ament_prefix_path.dsv\n'}
[13.401246] (yolo_bringup) StdoutLine: {'line': b'-- Installing: /ros2_ws/install/yolo_bringup/share/yolo_bringup/environment/path.sh\n'}
[13.401451] (yolo_bringup) StdoutLine: {'line': b'-- Installing: /ros2_ws/install/yolo_bringup/share/yolo_bringup/environment/path.dsv\n'}
[13.401651] (yolo_bringup) StdoutLine: {'line': b'-- Installing: /ros2_ws/install/yolo_bringup/share/yolo_bringup/local_setup.bash\n'}
[13.401878] (yolo_bringup) StdoutLine: {'line': b'-- Installing: /ros2_ws/install/yolo_bringup/share/yolo_bringup/local_setup.sh\n'}
[13.402085] (yolo_bringup) StdoutLine: {'line': b'-- Installing: /ros2_ws/install/yolo_bringup/share/yolo_bringup/local_setup.zsh\n'}
[13.402277] (yolo_bringup) StdoutLine: {'line': b'-- Installing: /ros2_ws/install/yolo_bringup/share/yolo_bringup/local_setup.dsv\n'}
[13.402617] (yolo_bringup) StdoutLine: {'line': b'-- Installing: /ros2_ws/install/yolo_bringup/share/yolo_bringup/package.dsv\n'}
[13.403355] (yolo_bringup) StdoutLine: {'line': b'-- Installing: /ros2_ws/install/yolo_bringup/share/ament_index/resource_index/packages/yolo_bringup\n'}
[13.403968] (yolo_bringup) StdoutLine: {'line': b'-- Installing: /ros2_ws/install/yolo_bringup/share/yolo_bringup/cmake/yolo_bringupConfig.cmake\n'}
[13.404156] (yolo_bringup) StdoutLine: {'line': b'-- Installing: /ros2_ws/install/yolo_bringup/share/yolo_bringup/cmake/yolo_bringupConfig-version.cmake\n'}
[13.404408] (yolo_bringup) StdoutLine: {'line': b'-- Installing: /ros2_ws/install/yolo_bringup/share/yolo_bringup/package.xml\n'}
[13.407006] (yolo_bringup) CommandEnded: {'returncode': 0}
[13.422107] (yolo_bringup) JobEnded: {'identifier': 'yolo_bringup', 'rc': 0}
[13.465084] (-) TimerEvent: {}
[13.565495] (-) TimerEvent: {}
[13.666051] (-) TimerEvent: {}
[13.766838] (-) TimerEvent: {}
[13.867483] (-) TimerEvent: {}
[13.968052] (-) TimerEvent: {}
[14.068511] (-) TimerEvent: {}
[14.169058] (-) TimerEvent: {}
[14.269481] (-) TimerEvent: {}
[14.369922] (-) TimerEvent: {}
[14.470420] (-) TimerEvent: {}
[14.570819] (-) TimerEvent: {}
[14.671266] (-) TimerEvent: {}
[14.771797] (-) TimerEvent: {}
[14.872357] (-) TimerEvent: {}
[14.972802] (-) TimerEvent: {}
[15.073265] (-) TimerEvent: {}
[15.173728] (-) TimerEvent: {}
[15.274273] (-) TimerEvent: {}
[15.374932] (-) TimerEvent: {}
[15.475487] (-) TimerEvent: {}
[15.575976] (-) TimerEvent: {}
[15.676387] (-) TimerEvent: {}
[15.776949] (-) TimerEvent: {}
[15.877548] (-) TimerEvent: {}
[15.977987] (-) TimerEvent: {}
[16.078669] (-) TimerEvent: {}
[16.179239] (-) TimerEvent: {}
[16.185843] (usb_cam) StdoutLine: {'line': b'[100%] \x1b[32m\x1b[1mLinking CXX shared library libusb_cam_node.so\x1b[0m\n'}
[16.279462] (-) TimerEvent: {}
[16.379898] (-) TimerEvent: {}
[16.480440] (-) TimerEvent: {}
[16.581013] (-) TimerEvent: {}
[16.605232] (usb_cam) StdoutLine: {'line': b'[100%] Built target usb_cam_node\n'}
[16.628404] (usb_cam) CommandEnded: {'returncode': 0}
[16.630146] (usb_cam) JobProgress: {'identifier': 'usb_cam', 'progress': 'install'}
[16.630493] (usb_cam) Command: {'cmd': ['/usr/bin/cmake', '--install', '/ros2_ws/build/usb_cam'], 'cwd': '/ros2_ws/build/usb_cam', 'env': OrderedDict([('HOSTNAME', 'docker-desktop'), ('SHLVL', '1'), ('LD_LIBRARY_PATH', '/opt/ros/humble/opt/rviz_ogre_vendor/lib:/opt/ros/humble/lib/x86_64-linux-gnu:/opt/ros/humble/lib'), ('HOME', '/root'), ('ROS_PYTHON_VERSION', '3'), ('ROS_DISTRO', 'humble'), ('_', '/usr/bin/colcon'), ('ROS_VERSION', '2'), ('TERM', 'xterm'), ('ROS_LOCALHOST_ONLY', '0'), ('PATH', '/opt/ros/humble/bin:/usr/local/sbin:/usr/local/bin:/usr/sbin:/usr/bin:/sbin:/bin'), ('LANG', 'C.UTF-8'), ('LS_COLORS', 'rs=0:di=01;34:ln=01;36:mh=00:pi=40;33:so=01;35:do=01;35:bd=40;33;01:cd=40;33;01:or=40;31;01:mi=00:su=37;41:sg=30;43:ca=30;41:tw=30;42:ow=34;42:st=37;44:ex=01;32:*.tar=01;31:*.tgz=01;31:*.arc=01;31:*.arj=01;31:*.taz=01;31:*.lha=01;31:*.lz4=01;31:*.lzh=01;31:*.lzma=01;31:*.tlz=01;31:*.txz=01;31:*.tzo=01;31:*.t7z=01;31:*.zip=01;31:*.z=01;31:*.dz=01;31:*.gz=01;31:*.lrz=01;31:*.lz=01;31:*.lzo=01;31:*.xz=01;31:*.zst=01;31:*.tzst=01;31:*.bz2=01;31:*.bz=01;31:*.tbz=01;31:*.tbz2=01;31:*.tz=01;31:*.deb=01;31:*.rpm=01;31:*.jar=01;31:*.war=01;31:*.ear=01;31:*.sar=01;31:*.rar=01;31:*.alz=01;31:*.ace=01;31:*.zoo=01;31:*.cpio=01;31:*.7z=01;31:*.rz=01;31:*.cab=01;31:*.wim=01;31:*.swm=01;31:*.dwm=01;31:*.esd=01;31:*.jpg=01;35:*.jpeg=01;35:*.mjpg=01;35:*.mjpeg=01;35:*.gif=01;35:*.bmp=01;35:*.pbm=01;35:*.pgm=01;35:*.ppm=01;35:*.tga=01;35:*.xbm=01;35:*.xpm=01;35:*.tif=01;35:*.tiff=01;35:*.png=01;35:*.svg=01;35:*.svgz=01;35:*.mng=01;35:*.pcx=01;35:*.mov=01;35:*.mpg=01;35:*.mpeg=01;35:*.m2v=01;35:*.mkv=01;35:*.webm=01;35:*.webp=01;35:*.ogm=01;35:*.mp4=01;35:*.m4v=01;35:*.mp4v=01;35:*.vob=01;35:*.qt=01;35:*.nuv=01;35:*.wmv=01;35:*.asf=01;35:*.rm=01;35:*.rmvb=01;35:*.flc=01;35:*.avi=01;35:*.fli=01;35:*.flv=01;35:*.gl=01;35:*.dl=01;35:*.xcf=01;35:*.xwd=01;35:*.yuv=01;35:*.cgm=01;35:*.emf=01;35:*.ogv=01;35:*.ogx=01;35:*.aac=00;36:*.au=00;36:*.flac=00;36:*.m4a=00;36:*.mid=00;36:*.midi=00;36:*.mka=00;36:*.mp3=00;36:*.mpc=00;36:*.ogg=00;36:*.ra=00;36:*.wav=00;36:*.oga=00;36:*.opus=00;36:*.spx=00;36:*.xspf=00;36:'), ('AMENT_PREFIX_PATH', '/opt/ros/humble'), ('PWD', '/ros2_ws/build/usb_cam'), ('LC_ALL', 'C.UTF-8'), ('PYTHONPATH', '/opt/ros/humble/lib/python3.10/site-packages:/opt/ros/humble/local/lib/python3.10/dist-packages'), ('COLCON', '1'), ('CMAKE_PREFIX_PATH', '/opt/ros/humble')]), 'shell': False}
[16.638824] (usb_cam) StdoutLine: {'line': b'-- Install configuration: ""\n'}
[16.640551] (usb_cam) StdoutLine: {'line': b'-- Installing: /ros2_ws/install/usb_cam/share/usb_cam/environment/library_path.sh\n'}
[16.640823] (usb_cam) StdoutLine: {'line': b'-- Installing: /ros2_ws/install/usb_cam/share/usb_cam/environment/library_path.dsv\n'}
[16.641766] (usb_cam) StdoutLine: {'line': b'-- Installing: /ros2_ws/install/usb_cam/lib/usb_cam/usb_cam_node_exe\n'}
[16.642655] (usb_cam) StdoutLine: {'line': b'-- Set runtime path of "/ros2_ws/install/usb_cam/lib/usb_cam/usb_cam_node_exe" to ""\n'}
[16.642880] (usb_cam) StdoutLine: {'line': b'-- Installing: /ros2_ws/install/usb_cam/lib/usb_cam/show_image.py\n'}
[16.643024] (usb_cam) StdoutLine: {'line': b'-- Installing: /ros2_ws/install/usb_cam/lib/libusb_cam.so\n'}
[16.644536] (usb_cam) StdoutLine: {'line': b'-- Installing: /ros2_ws/install/usb_cam/lib/libusb_cam_node.so\n'}
[16.651833] (usb_cam) StdoutLine: {'line': b'-- Set runtime path of "/ros2_ws/install/usb_cam/lib/libusb_cam_node.so" to ""\n'}
[16.652002] (usb_cam) StdoutLine: {'line': b'-- Installing: /ros2_ws/install/usb_cam/include\n'}
[16.652733] (usb_cam) StdoutLine: {'line': b'-- Installing: /ros2_ws/install/usb_cam/include/usb_cam\n'}
[16.653495] (usb_cam) StdoutLine: {'line': b'-- Installing: /ros2_ws/install/usb_cam/include/usb_cam/usb_cam_node.hpp\n'}
[16.653738] (usb_cam) StdoutLine: {'line': b'-- Installing: /ros2_ws/install/usb_cam/include/usb_cam/utils.hpp\n'}
[16.654039] (usb_cam) StdoutLine: {'line': b'-- Installing: /ros2_ws/install/usb_cam/include/usb_cam/usb_cam.hpp\n'}
[16.654493] (usb_cam) StdoutLine: {'line': b'-- Installing: /ros2_ws/install/usb_cam/include/usb_cam/conversions.hpp\n'}
[16.654604] (usb_cam) StdoutLine: {'line': b'-- Installing: /ros2_ws/install/usb_cam/include/usb_cam/formats\n'}
[16.654768] (usb_cam) StdoutLine: {'line': b'-- Installing: /ros2_ws/install/usb_cam/include/usb_cam/formats/pixel_format_base.hpp\n'}
[16.654899] (usb_cam) StdoutLine: {'line': b'-- Installing: /ros2_ws/install/usb_cam/include/usb_cam/formats/yuyv.hpp\n'}
[16.655032] (usb_cam) StdoutLine: {'line': b'-- Installing: /ros2_ws/install/usb_cam/include/usb_cam/formats/utils.hpp\n'}
[16.655183] (usb_cam) StdoutLine: {'line': b'-- Installing: /ros2_ws/install/usb_cam/include/usb_cam/formats/mjpeg.hpp\n'}
[16.655343] (usb_cam) StdoutLine: {'line': b'-- Installing: /ros2_ws/install/usb_cam/include/usb_cam/formats/rgb.hpp\n'}
[16.655486] (usb_cam) StdoutLine: {'line': b'-- Installing: /ros2_ws/install/usb_cam/include/usb_cam/formats/uyvy.hpp\n'}
[16.655639] (usb_cam) StdoutLine: {'line': b'-- Installing: /ros2_ws/install/usb_cam/include/usb_cam/formats/av_pixel_format_helper.hpp\n'}
[16.655930] (usb_cam) StdoutLine: {'line': b'-- Installing: /ros2_ws/install/usb_cam/include/usb_cam/formats/mono.hpp\n'}
[16.656105] (usb_cam) StdoutLine: {'line': b'-- Installing: /ros2_ws/install/usb_cam/include/usb_cam/formats/m420.hpp\n'}
[16.656372] (usb_cam) StdoutLine: {'line': b'-- Installing: /ros2_ws/install/usb_cam/include/usb_cam/constants.hpp\n'}
[16.656717] (usb_cam) StdoutLine: {'line': b'-- Up-to-date: /ros2_ws/install/usb_cam/lib/libusb_cam_node.so\n'}
[16.656966] (usb_cam) StdoutLine: {'line': b'-- Installing: /ros2_ws/install/usb_cam/share/usb_cam/launch\n'}
[16.657474] (usb_cam) StdoutLine: {'line': b'-- Installing: /ros2_ws/install/usb_cam/share/usb_cam/launch/__init__.py\n'}
[16.657635] (usb_cam) StdoutLine: {'line': b'-- Installing: /ros2_ws/install/usb_cam/share/usb_cam/launch/camera.launch.py\n'}
[16.657791] (usb_cam) StdoutLine: {'line': b'-- Installing: /ros2_ws/install/usb_cam/share/usb_cam/launch/camera_config.py\n'}
[16.657945] (usb_cam) StdoutLine: {'line': b'-- Installing: /ros2_ws/install/usb_cam/share/usb_cam/config\n'}
[16.658418] (usb_cam) StdoutLine: {'line': b'-- Installing: /ros2_ws/install/usb_cam/share/usb_cam/config/camera_info.yaml\n'}
[16.658583] (usb_cam) StdoutLine: {'line': b'-- Installing: /ros2_ws/install/usb_cam/share/usb_cam/config/params_1.yaml\n'}
[16.658770] (usb_cam) StdoutLine: {'line': b'-- Installing: /ros2_ws/install/usb_cam/share/usb_cam/config/params_2.yaml\n'}
[16.660117] (usb_cam) StdoutLine: {'line': b'-- Installing: /ros2_ws/install/usb_cam/share/ament_index/resource_index/package_run_dependencies/usb_cam\n'}
[16.660825] (usb_cam) StdoutLine: {'line': b'-- Installing: /ros2_ws/install/usb_cam/share/ament_index/resource_index/parent_prefix_path/usb_cam\n'}
[16.661126] (usb_cam) StdoutLine: {'line': b'-- Installing: /ros2_ws/install/usb_cam/share/usb_cam/environment/ament_prefix_path.sh\n'}
[16.661396] (usb_cam) StdoutLine: {'line': b'-- Installing: /ros2_ws/install/usb_cam/share/usb_cam/environment/ament_prefix_path.dsv\n'}
[16.661723] (usb_cam) StdoutLine: {'line': b'-- Installing: /ros2_ws/install/usb_cam/share/usb_cam/environment/path.sh\n'}
[16.661916] (usb_cam) StdoutLine: {'line': b'-- Installing: /ros2_ws/install/usb_cam/share/usb_cam/environment/path.dsv\n'}
[16.662095] (usb_cam) StdoutLine: {'line': b'-- Installing: /ros2_ws/install/usb_cam/share/usb_cam/local_setup.bash\n'}
[16.662323] (usb_cam) StdoutLine: {'line': b'-- Installing: /ros2_ws/install/usb_cam/share/usb_cam/local_setup.sh\n'}
[16.662841] (usb_cam) StdoutLine: {'line': b'-- Installing: /ros2_ws/install/usb_cam/share/usb_cam/local_setup.zsh\n'}
[16.663024] (usb_cam) StdoutLine: {'line': b'-- Installing: /ros2_ws/install/usb_cam/share/usb_cam/local_setup.dsv\n'}
[16.663226] (usb_cam) StdoutLine: {'line': b'-- Installing: /ros2_ws/install/usb_cam/share/usb_cam/package.dsv\n'}
[16.663849] (usb_cam) StdoutLine: {'line': b'-- Installing: /ros2_ws/install/usb_cam/share/ament_index/resource_index/packages/usb_cam\n'}
[16.664412] (usb_cam) StdoutLine: {'line': b'-- Installing: /ros2_ws/install/usb_cam/share/ament_index/resource_index/rclcpp_components/usb_cam\n'}
[16.664986] (usb_cam) StdoutLine: {'line': b'-- Installing: /ros2_ws/install/usb_cam/share/usb_cam/cmake/ament_cmake_export_libraries-extras.cmake\n'}
[16.665191] (usb_cam) StdoutLine: {'line': b'-- Installing: /ros2_ws/install/usb_cam/share/usb_cam/cmake/ament_cmake_export_dependencies-extras.cmake\n'}
[16.665377] (usb_cam) StdoutLine: {'line': b'-- Installing: /ros2_ws/install/usb_cam/share/usb_cam/cmake/ament_cmake_export_include_directories-extras.cmake\n'}
[16.665561] (usb_cam) StdoutLine: {'line': b'-- Installing: /ros2_ws/install/usb_cam/share/usb_cam/cmake/usb_camConfig.cmake\n'}
[16.665712] (usb_cam) StdoutLine: {'line': b'-- Installing: /ros2_ws/install/usb_cam/share/usb_cam/cmake/usb_camConfig-version.cmake\n'}
[16.665923] (usb_cam) StdoutLine: {'line': b'-- Installing: /ros2_ws/install/usb_cam/share/usb_cam/package.xml\n'}
[16.668959] (usb_cam) CommandEnded: {'returncode': 0}
[16.681381] (-) TimerEvent: {}
[16.685492] (usb_cam) JobEnded: {'identifier': 'usb_cam', 'rc': 0}
[16.686936] (-) EventReactorShutdown: {}
